Date,Price
1993-01-29,24.113264083862305
1993-02-01,24.284761428833008
1993-02-02,24.33620834350586
1993-02-03,24.593477249145508
1993-02-04,24.696388244628906
1993-02-05,24.679222106933594
1993-02-08,24.679222106933594
1993-02-09,24.507722854614258
1993-02-10,24.54201316833496
1993-02-11,24.662063598632812
1993-02-12,24.473413467407227
1993-02-16,23.85601806640625
1993-02-17,23.8388671875
1993-02-18,23.821706771850586
1993-02-19,23.907461166381836
1993-02-22,23.993200302124023
1993-02-23,23.976062774658203
1993-02-24,24.284761428833008
1993-02-25,24.33620834350586
1993-02-26,24.370521545410156
1993-03-01,24.301912307739258
1993-03-02,24.662063598632812
1993-03-03,24.76496124267578
1993-03-04,24.62775993347168
1993-03-05,24.559162139892578
1993-03-08,25.10798454284668
1993-03-09,25.022232055664062
1993-03-10,25.07367515563965
1993-03-11,25.00507926940918
1993-03-12,24.747827529907227
1993-03-15,24.867870330810547
1993-03-16,24.867870330810547
1993-03-17,24.713520050048828
1993-03-18,24.867870330810547
1993-03-19,24.830244064331055
1993-03-22,24.692380905151367
1993-03-23,24.744083404541016
1993-03-24,24.744083404541016
1993-03-25,24.899147033691406
1993-03-26,24.761301040649414
1993-03-29,24.864713668823242
1993-03-30,24.933622360229492
1993-03-31,24.916393280029297
1993-04-01,24.830244064331055
1993-04-02,24.31329917907715
1993-04-05,24.433927536010742
1993-04-06,24.3649959564209
1993-04-07,24.451139450073242
1993-04-08,24.416696548461914
1993-04-12,24.761301040649414
1993-04-13,24.813018798828125
1993-04-14,24.778541564941406
1993-04-15,24.778541564941406
1993-04-16,24.778541564941406
1993-04-19,24.675155639648438
1993-04-20,24.554542541503906
1993-04-21,24.53729820251465
1993-04-22,24.22715187072754
1993-04-23,24.12374496459961
1993-04-26,23.9342041015625
1993-04-27,24.19267463684082
1993-04-28,24.140993118286133
1993-04-29,24.24436378479004
1993-04-30,24.27884292602539
1993-05-03,24.433927536010742
1993-05-04,24.520065307617188
1993-05-05,24.58900260925293
1993-05-06,24.50284194946289
1993-05-07,24.451139450073242
1993-05-10,24.50284194946289
1993-05-11,24.60622787475586
1993-05-12,24.571779251098633
1993-05-13,24.27884292602539
1993-05-14,24.26161003112793
1993-05-17,24.347761154174805
1993-05-18,24.33053207397461
1993-05-19,24.830244064331055
1993-05-20,24.899147033691406
1993-05-21,24.675155639648438
1993-05-24,24.778541564941406
1993-05-25,24.830244064331055
1993-05-26,25.140405654907227
1993-05-27,25.05426788330078
1993-05-28,24.933622360229492
1993-06-01,25.17487144470215
1993-06-02,25.140405654907227
1993-06-03,25.05426788330078
1993-06-04,24.96809196472168
1993-06-07,24.88193130493164
1993-06-08,24.65791893005371
1993-06-09,24.744083404541016
1993-06-10,24.761301040649414
1993-06-11,24.864713668823242
1993-06-14,24.830244064331055
1993-06-15,24.778541564941406
1993-06-16,24.830244064331055
1993-06-17,24.916393280029297
1993-06-18,24.711200714111328
1993-06-21,24.763269424438477
1993-06-22,24.78061866760254
1993-06-23,24.555034637451172
1993-06-24,24.884746551513672
1993-06-25,24.867382049560547
1993-06-28,25.14504623413086
1993-06-29,25.02357292175293
1993-06-30,25.02357292175293
1993-07-01,24.954151153564453
1993-07-02,24.815326690673828
1993-07-06,24.555034637451172
1993-07-07,24.62442970275879
1993-07-08,24.902097702026367
1993-07-09,24.971506118774414
1993-07-12,24.954151153564453
1993-07-13,24.936790466308594
1993-07-14,25.02357292175293
1993-07-15,24.919450759887695
1993-07-16,24.850032806396484
1993-07-19,24.832674026489258
1993-07-20,24.902097702026367
1993-07-21,24.884746551513672
1993-07-22,24.711200714111328
1993-07-23,24.832674026489258
1993-07-26,24.971506118774414
1993-07-27,24.954151153564453
1993-07-28,24.902097702026367
1993-07-29,25.040935516357422
1993-07-30,24.902097702026367
1993-08-02,24.971506118774414
1993-08-03,24.988874435424805
1993-08-04,24.988874435424805
1993-08-05,24.936790466308594
1993-08-06,24.971506118774414
1993-08-09,25.110332489013672
1993-08-10,25.092979431152344
1993-08-11,25.092979431152344
1993-08-12,25.02357292175293
1993-08-13,25.058273315429688
1993-08-16,25.197105407714844
1993-08-17,25.283864974975586
1993-08-18,25.422704696655273
1993-08-19,25.422704696655273
1993-08-20,25.440061569213867
1993-08-23,25.387981414794922
1993-08-24,25.6656551361084
1993-08-25,25.683013916015625
1993-08-26,25.70034408569336
1993-08-27,25.683013916015625
1993-08-30,25.787118911743164
1993-08-31,25.856529235839844
1993-09-01,25.821821212768555
1993-09-02,25.735044479370117
1993-09-03,25.75240135192871
1993-09-07,25.57887077331543
1993-09-08,25.49210548400879
1993-09-09,25.54417610168457
1993-09-10,25.769752502441406
1993-09-13,25.787118911743164
1993-09-14,25.683013916015625
1993-09-15,25.75240135192871
1993-09-16,25.648286819458008
1993-09-17,25.59856414794922
1993-09-20,25.389041900634766
1993-09-21,25.301719665527344
1993-09-22,25.511259078979492
1993-09-23,25.65093994140625
1993-09-24,25.581111907958984
1993-09-27,25.860475540161133
1993-09-28,25.80809211730957
1993-09-29,25.720800399780273
1993-09-30,25.668411254882812
1993-10-01,25.790634155273438
1993-10-04,25.825565338134766
1993-10-05,25.790634155273438
1993-10-06,25.773168563842773
1993-10-07,25.703336715698242
1993-10-08,25.738243103027344
1993-10-11,25.790634155273438
1993-10-12,25.825565338134766
1993-10-13,25.825565338134766
1993-10-14,26.1573429107666
1993-10-15,26.29702377319336
1993-10-18,26.2271671295166
1993-10-19,26.03509521484375
1993-10-20,26.070018768310547
1993-10-21,26.03509521484375
1993-10-22,25.912857055664062
1993-10-25,25.982711791992188
1993-10-26,25.965242385864258
1993-10-27,25.982711791992188
1993-10-28,26.174787521362305
1993-10-29,26.174787521362305
1993-11-01,26.2446346282959
1993-11-02,26.2271671295166
1993-11-03,25.895397186279297
1993-11-04,25.61602020263672
1993-11-05,25.738243103027344
1993-11-08,25.773168563842773
1993-11-09,25.790634155273438
1993-11-10,25.982711791992188
1993-11-11,25.912857055664062
1993-11-12,26.03509521484375
1993-11-15,26.01763343811035
1993-11-16,26.139875411987305
1993-11-17,26.000179290771484
1993-11-18,25.93032455444336
1993-11-19,25.877946853637695
1993-11-22,25.720800399780273
1993-11-23,25.860475540161133
1993-11-24,25.965242385864258
1993-11-26,25.982711791992188
1993-11-29,25.877946853637695
1993-11-30,25.895397186279297
1993-12-01,25.93032455444336
1993-12-02,26.000179290771484
1993-12-03,26.10495376586914
1993-12-06,26.19224739074707
1993-12-07,26.174787521362305
1993-12-08,26.174787521362305
1993-12-09,26.08749771118164
1993-12-10,26.03509521484375
1993-12-13,26.19224739074707
1993-12-14,26.000179290771484
1993-12-15,25.965242385864258
1993-12-16,26.052547454833984
1993-12-17,26.195737838745117
1993-12-20,26.23089027404785
1993-12-21,26.142988204956055
1993-12-22,26.318815231323242
1993-12-23,26.301239013671875
1993-12-27,26.441865921020508
1993-12-28,26.494596481323242
1993-12-29,26.45946502685547
1993-12-30,26.35396385192871
1993-12-31,26.213319778442383
1994-01-03,26.142988204956055
1994-01-04,26.24847984313965
1994-01-05,26.301239013671875
1994-01-06,26.301239013671875
1994-01-07,26.45946502685547
1994-01-10,26.775907516479492
1994-01-11,26.72317123413086
1994-01-12,26.63526153564453
1994-01-13,26.56493377685547
1994-01-14,26.670425415039062
1994-01-17,26.670425415039062
1994-01-18,26.705595016479492
1994-01-19,26.63526153564453
1994-01-20,26.705595016479492
1994-01-21,26.652835845947266
1994-01-24,26.547365188598633
1994-01-25,26.547365188598633
1994-01-26,26.61767578125
1994-01-27,26.863813400268555
1994-01-28,26.93414878845215
1994-01-31,27.127532958984375
1994-02-01,26.98689079284668
1994-02-02,27.162710189819336
1994-02-03,27.03961944580078
1994-02-04,26.42428970336914
1994-02-07,26.547365188598633
1994-02-08,26.56493377685547
1994-02-09,26.670425415039062
1994-02-10,26.441865921020508
1994-02-11,26.529760360717773
1994-02-14,26.56493377685547
1994-02-15,26.705595016479492
1994-02-16,26.688007354736328
1994-02-17,26.529760360717773
1994-02-18,26.371545791625977
1994-02-22,26.63526153564453
1994-02-23,26.56493377685547
1994-02-24,26.213319778442383
1994-02-25,26.336400985717773
1994-02-28,26.336400985717773
1994-03-01,26.23089027404785
1994-03-02,26.266077041625977
1994-03-03,26.195737838745117
1994-03-04,26.266077041625977
1994-03-07,26.406705856323242
1994-03-08,26.301239013671875
1994-03-09,26.42428970336914
1994-03-10,26.213319778442383
1994-03-11,26.35396385192871
1994-03-14,26.389129638671875
1994-03-15,26.371545791625977
1994-03-16,26.582544326782227
1994-03-17,26.582544326782227
1994-03-18,26.57672119140625
1994-03-21,26.505985260009766
1994-03-22,26.57672119140625
1994-03-23,26.559032440185547
1994-03-24,26.240745544433594
1994-03-25,25.993202209472656
1994-03-28,26.028575897216797
1994-03-29,25.515785217285156
1994-03-30,25.16211700439453
1994-03-31,25.232852935791016
1994-04-04,24.843843460083008
1994-04-05,25.35663604736328
1994-04-06,25.35663604736328
1994-04-07,25.480419158935547
1994-04-08,25.285907745361328
1994-04-11,25.392000198364258
1994-04-12,25.35663604736328
1994-04-13,25.224016189575195
1994-04-14,25.232852935791016
1994-04-15,25.232852935791016
1994-04-18,25.064865112304688
1994-04-19,25.100221633911133
1994-04-20,25.073719024658203
1994-04-21,25.409666061401367
1994-04-22,25.383153915405273
1994-04-25,25.64839744567871
1994-04-26,25.621875762939453
1994-04-28,25.436203002929688
1994-04-29,25.515785217285156
1994-05-02,25.674901962280273
1994-05-03,25.64839744567871
1994-05-04,25.60418128967285
1994-05-05,25.568817138671875
1994-05-06,25.32126808166504
1994-05-09,25.100221633911133
1994-05-10,25.29474639892578
1994-05-11,25.064865112304688
1994-05-12,25.188650131225586
1994-05-13,25.188650131225586
1994-05-16,25.19748878479004
1994-05-17,25.568817138671875
1994-05-18,25.754497528076172
1994-05-19,25.878267288208008
1994-05-20,25.781015396118164
1994-05-23,25.736797332763672
1994-05-24,25.842897415161133
1994-05-25,25.91362762451172
1994-05-26,25.931312561035156
1994-05-27,25.957839965820312
1994-05-31,25.9224796295166
1994-06-01,26.03740692138672
1994-06-02,26.010887145996094
1994-06-03,26.161191940307617
1994-06-06,26.152353286743164
1994-06-07,26.116975784301758
1994-06-08,25.904800415039062
1994-06-09,26.046255111694336
1994-06-10,26.090456008911133
1994-06-13,26.12582015991211
1994-06-14,26.32917022705078
1994-06-15,26.223060607910156
1994-06-16,26.276126861572266
1994-06-17,26.12946128845215
1994-06-20,25.906957626342773
1994-06-21,25.684480667114258
1994-06-22,25.78235626220703
1994-06-23,25.631071090698242
1994-06-24,25.097084045410156
1994-06-27,25.53318214416504
1994-06-28,25.408573150634766
1994-06-29,25.488677978515625
1994-06-30,25.32847023010254
1994-07-01,25.381887435913086
1994-07-05,25.5153751373291
1994-07-06,25.479782104492188
1994-07-07,25.58658218383789
1994-07-08,25.577661514282227
1994-07-11,25.488677978515625
1994-07-12,25.524276733398438
1994-07-13,25.56877899169922
1994-07-14,25.84465980529785
1994-07-15,25.853561401367188
1994-07-18,25.898054122924805
1994-07-19,25.84465980529785
1994-07-20,25.72896957397461
1994-07-21,25.78235626220703
1994-07-22,25.826852798461914
1994-07-25,25.862468719482422
1994-07-26,25.83576774597168
1994-07-27,25.83576774597168
1994-07-28,25.88915252685547
1994-07-29,26.147249221801758
1994-08-01,26.271841049194336
1994-08-02,26.307437896728516
1994-08-03,26.31634521484375
1994-08-04,26.165050506591797
1994-08-05,26.076053619384766
1994-08-08,26.138357162475586
1994-08-09,26.182849884033203
1994-08-10,26.280750274658203
1994-08-11,26.182849884033203
1994-08-12,26.38753890991211
1994-08-15,26.378646850585938
1994-08-16,26.565542221069336
1994-08-17,26.547760009765625
1994-08-18,26.45875358581543
1994-08-19,26.440942764282227
1994-08-22,26.414226531982422
1994-08-23,26.565542221069336
1994-08-24,26.850324630737305
1994-08-25,26.779132843017578
1994-08-26,27.16183090209961
1994-08-29,27.144020080566406
1994-08-30,27.2152156829834
1994-08-31,27.144020080566406
1994-09-01,27.055025100708008
1994-09-02,26.93932342529297
1994-09-06,26.948217391967773
1994-09-07,26.921510696411133
1994-09-08,27.055025100708008
1994-09-09,26.770225524902344
1994-09-12,26.690143585205078
1994-09-13,26.770225524902344
1994-09-14,26.796920776367188
1994-09-15,27.135114669799805
1994-09-16,26.942005157470703
1994-09-19,26.968862533569336
1994-09-20,26.458499908447266
1994-09-21,26.458499908447266
1994-09-22,26.39582061767578
1994-09-23,26.306276321411133
1994-09-26,26.440576553344727
1994-09-27,26.422683715820312
1994-09-28,26.628618240356445
1994-09-29,26.494308471679688
1994-09-30,26.458499908447266
1994-10-03,26.39582061767578
1994-10-04,26.001846313476562
1994-10-05,26.010807037353516
1994-10-06,25.930217742919922
1994-10-07,26.04661750793457
1994-10-10,26.324188232421875
1994-10-11,26.718149185180664
1994-10-12,26.753976821899414
1994-10-13,26.843507766723633
1994-10-14,26.959911346435547
1994-10-17,26.90619468688965
1994-10-18,26.843507766723633
1994-10-19,26.968862533569336
1994-10-20,26.7897891998291
1994-10-21,26.682340621948242
1994-10-24,26.458499908447266
1994-10-25,26.485349655151367
1994-10-26,26.583866119384766
1994-10-27,26.745019912719727
1994-10-28,27.30910873413086
1994-10-31,27.210622787475586
1994-11-01,26.90619468688965
1994-11-02,26.753976821899414
1994-11-03,26.89723014831543
1994-11-04,26.548025131225586
1994-11-07,26.628618240356445
1994-11-08,26.834556579589844
1994-11-09,26.879322052001953
1994-11-10,26.69129753112793
1994-11-11,26.592817306518555
1994-11-14,26.843507766723633
1994-11-15,26.753976821899414
1994-11-16,26.843507766723633
1994-11-17,26.664445877075195
1994-11-18,26.628618240356445
1994-11-21,26.36000633239746
1994-11-22,25.786954879760742
1994-11-23,25.930217742919922
1994-11-25,26.055559158325195
1994-11-28,26.171964645385742
1994-11-29,26.16301918029785
1994-11-30,26.1272029876709
1994-12-01,25.867542266845703
1994-12-02,26.109302520751953
1994-12-05,26.13616371154785
1994-12-06,26.154064178466797
1994-12-07,25.96603012084961
1994-12-08,25.715322494506836
1994-12-09,25.813817977905273
1994-12-12,25.98395347595215
1994-12-13,26.08243751525879
1994-12-14,26.216758728027344
1994-12-15,26.297340393066406
1994-12-16,26.425779342651367
1994-12-19,26.461877822875977
1994-12-20,26.380643844604492
1994-12-21,26.660429000854492
1994-12-22,26.579198837280273
1994-12-23,26.606294631958008
1994-12-27,26.75067710876465
1994-12-28,26.61530303955078
1994-12-29,26.63334846496582
1994-12-30,26.31746482849121
1995-01-03,26.44382667541504
1995-01-04,26.570188522338867
1995-01-05,26.570188522338867
1995-01-06,26.597251892089844
1995-01-09,26.624330520629883
1995-01-10,26.65140151977539
1995-01-11,26.669458389282227
1995-01-12,26.678489685058594
1995-01-13,26.994373321533203
1995-01-16,27.156818389892578
1995-01-17,27.16583824157715
1995-01-18,27.13875961303711
1995-01-19,26.985347747802734
1995-01-20,26.886062622070312
1995-01-23,26.967275619506836
1995-01-24,27.003389358520508
1995-01-25,27.075593948364258
1995-01-26,27.1026668548584
1995-01-27,27.210973739624023
1995-01-30,27.093645095825195
1995-01-31,27.201946258544922
1995-02-01,27.192913055419922
1995-02-02,27.355371475219727
1995-02-03,27.74345588684082
1995-02-06,27.860776901245117
1995-02-07,27.89687728881836
1995-02-08,27.89687728881836
1995-02-09,27.89687728881836
1995-02-10,27.932981491088867
1995-02-13,27.9420166015625
1995-02-14,27.978113174438477
1995-02-15,28.131534576416016
1995-02-16,28.095441818237305
1995-02-17,27.987140655517578
1995-02-21,27.978113174438477
1995-02-22,28.185686111450195
1995-02-23,28.230804443359375
1995-02-24,28.303024291992188
1995-02-27,28.077381134033203
1995-02-28,28.312028884887695
1995-03-01,28.131534576416016
1995-03-02,28.167640686035156
1995-03-03,28.176666259765625
1995-03-06,28.194719314575195
1995-03-07,27.978113174438477
1995-03-08,28.05030059814453
1995-03-09,28.0412654876709
1995-03-10,28.45644187927246
1995-03-13,28.42937469482422
1995-03-14,28.636945724487305
1995-03-15,28.582786560058594
1995-03-16,28.754274368286133
1995-03-17,28.78287124633789
1995-03-20,28.78287124633789
1995-03-21,28.710275650024414
1995-03-22,28.737499237060547
1995-03-23,28.755651473999023
1995-03-24,29.16399574279785
1995-03-27,29.281953811645508
1995-03-28,29.281953811645508
1995-03-29,29.27288246154785
1995-03-30,29.218420028686523
1995-03-31,29.10047721862793
1995-04-03,29.173067092895508
1995-04-04,29.363624572753906
1995-04-05,29.363624572753906
1995-04-06,29.47249984741211
1995-04-07,29.445283889770508
1995-04-10,29.499719619750977
1995-04-11,29.3999080657959
1995-04-12,29.499719619750977
1995-04-13,29.663053512573242
1995-04-17,29.490644454956055
1995-04-18,29.390838623046875
1995-04-19,29.363624572753906
1995-04-20,29.40899085998535
1995-04-21,29.554168701171875
1995-04-24,29.898977279663086
1995-04-25,29.817312240600586
1995-04-26,29.844545364379883
1995-04-27,29.917131423950195
1995-04-28,29.962505340576172
1995-05-01,29.880830764770508
1995-05-02,29.944366455078125
1995-05-03,30.36175537109375
1995-05-04,30.343610763549805
1995-05-05,30.30731773376465
1995-05-08,30.52507781982422
1995-05-09,30.497867584228516
1995-05-10,30.53417205810547
1995-05-11,30.615833282470703
1995-05-12,30.63398551940918
1995-05-15,30.7791690826416
1995-05-16,30.797304153442383
1995-05-17,30.679332733154297
1995-05-18,30.234722137451172
1995-05-19,30.252893447875977
1995-05-22,30.588624954223633
1995-05-23,30.869901657104492
1995-05-24,30.85175895690918
1995-05-25,30.878986358642578
1995-05-26,30.52507781982422
1995-05-30,30.516016006469727
1995-05-31,31.151199340820312
1995-06-01,31.069541931152344
1995-06-02,31.09676170349121
1995-06-05,31.287307739257812
1995-06-06,31.23287582397461
1995-06-07,31.069541931152344
1995-06-08,30.99694061279297
1995-06-09,30.815460205078125
1995-06-12,30.987873077392578
1995-06-13,31.323598861694336
1995-06-14,31.2963809967041
1995-06-15,31.4324951171875
1995-06-16,31.525819778442383
1995-06-19,31.881792068481445
1995-06-20,31.799638748168945
1995-06-21,31.78138542175293
1995-06-22,32.201236724853516
1995-06-23,32.1373405456543
1995-06-26,31.754005432128906
1995-06-27,31.690113067626953
1995-06-28,31.85440444946289
1995-06-29,31.799638748168945
1995-06-30,31.78138542175293
1995-07-03,31.900043487548828
1995-07-05,32.01869201660156
1995-07-06,32.4294319152832
1995-07-07,32.575462341308594
1995-07-10,32.59373092651367
1995-07-11,32.438560485839844
1995-07-12,32.840171813964844
1995-07-13,32.76713562011719
1995-07-14,32.739749908447266
1995-07-17,32.922298431396484
1995-07-18,32.639366149902344
1995-07-19,32.28338623046875
1995-07-20,32.40205764770508
1995-07-21,32.36553955078125
1995-07-24,32.60284423828125
1995-07-25,32.84928512573242
1995-07-26,32.821895599365234
1995-07-27,33.095706939697266
1995-07-28,32.885772705078125
1995-07-31,32.80363845825195
1995-08-01,32.74888229370117
1995-08-02,32.67585754394531
1995-08-03,32.66674041748047
1995-08-04,32.70323181152344
1995-08-07,32.776248931884766
1995-08-08,32.776248931884766
1995-08-09,32.76713562011719
1995-08-10,32.69411087036133
1995-08-11,32.51156234741211
1995-08-14,32.80363845825195
1995-08-15,32.739749908447266
1995-08-16,32.83102798461914
1995-08-17,32.776248931884766
1995-08-18,32.81278610229492
1995-08-21,32.721500396728516
1995-08-22,32.78539276123047
1995-08-23,32.66674041748047
1995-08-24,32.70323181152344
1995-08-25,32.885772705078125
1995-08-28,32.76713562011719
1995-08-29,32.84928512573242
1995-08-30,32.922298431396484
1995-08-31,32.949676513671875
1995-09-01,33.095706939697266
1995-09-05,33.40605926513672
1995-09-06,33.46995162963867
1995-09-07,33.488197326660156
1995-09-08,33.61595153808594
1995-09-11,33.70724868774414
1995-09-12,33.8624153137207
1995-09-13,34.01757049560547
1995-09-14,34.32789611816406
1995-09-15,34.318450927734375
1995-09-18,34.189964294433594
1995-09-19,34.35511779785156
1995-09-20,34.52032470703125
1995-09-21,34.23583221435547
1995-09-22,34.24503707885742
1995-09-25,34.189964294433594
1995-09-26,34.1807975769043
1995-09-27,34.15326690673828
1995-09-28,34.41018295288086
1995-09-29,34.34595489501953
1995-10-02,34.17162322998047
1995-10-03,34.208316802978516
1995-10-04,34.17162322998047
1995-10-05,34.272560119628906
1995-10-06,34.300079345703125
1995-10-09,34.0156135559082
1995-10-10,33.997283935546875
1995-10-11,34.10738754272461
1995-10-12,34.318450927734375
1995-10-13,34.428558349609375
1995-10-16,34.26338577270508
1995-10-17,34.4927864074707
1995-10-18,34.59370422363281
1995-10-19,34.7588996887207
1995-10-20,34.54785919189453
1995-10-23,34.474422454833984
1995-10-24,34.511138916015625
1995-10-25,34.22666549682617
1995-10-26,33.91468811035156
1995-10-27,34.17162322998047
1995-10-30,34.39186477661133
1995-10-31,34.24503707885742
1995-11-01,34.52032470703125
1995-11-02,34.74056625366211
1995-11-03,34.78642272949219
1995-11-06,34.667137145996094
1995-11-07,34.53866195678711
1995-11-08,34.85064697265625
1995-11-09,34.979122161865234
1995-11-10,34.96076583862305
1995-11-13,34.92405319213867
1995-11-14,34.69465637207031
1995-11-15,35.0433464050293
1995-11-16,35.236053466796875
1995-11-17,35.34615707397461
1995-11-20,35.16261672973633
1995-11-21,35.447086334228516
1995-11-22,35.336971282958984
1995-11-24,35.428733825683594
1995-11-27,35.43791961669922
1995-11-28,35.81412887573242
1995-11-29,35.85083770751953
1995-11-30,35.76826858520508
1995-12-01,35.81412887573242
1995-12-04,36.25459289550781
1995-12-05,36.4931640625
1995-12-06,36.57574462890625
1995-12-07,36.38304901123047
1995-12-08,36.502349853515625
1995-12-11,36.6583366394043
1995-12-12,36.5482063293457
1995-12-13,36.777618408203125
1995-12-14,36.51152420043945
1995-12-15,36.5248908996582
1995-12-18,35.82320022583008
1995-12-19,36.201744079589844
1995-12-20,35.850887298583984
1995-12-21,36.0355339050293
1995-12-22,36.164794921875
1995-12-26,36.340240478515625
1995-12-27,36.3217658996582
1995-12-28,36.28483963012695
1995-12-29,36.330989837646484
1996-01-02,36.71877670288086
1996-01-03,36.82033157348633
1996-01-04,36.469482421875
1996-01-05,36.395633697509766
1996-01-08,36.534122467041016
1996-01-09,35.90627670288086
1996-01-10,35.43544006347656
1996-01-11,35.647769927978516
1996-01-12,35.592384338378906
1996-01-15,35.51850891113281
1996-01-16,35.95245361328125
1996-01-17,35.8416748046875
1996-01-18,35.961700439453125
1996-01-19,36.201744079589844
1996-01-22,36.21097183227539
1996-01-23,36.29407501220703
1996-01-24,36.58952331542969
1996-01-25,36.46025466918945
1996-01-26,36.77415084838867
1996-01-29,36.9218864440918
1996-01-30,37.23581314086914
1996-01-31,37.62357711791992
1996-02-01,37.76207733154297
1996-02-02,37.60512924194336
1996-02-05,37.9098014831543
1996-02-06,38.26987075805664
1996-02-07,38.491458892822266
1996-02-08,38.90696334838867
1996-02-09,38.89772415161133
1996-02-12,39.193180084228516
1996-02-13,39.11006164550781
1996-02-14,38.76846694946289
1996-02-15,38.528404235839844
1996-02-16,38.3714485168457
1996-02-20,37.992897033691406
1996-02-21,38.46379089355469
1996-02-22,39.07313919067383
1996-02-23,38.96233367919922
1996-02-26,38.40837478637695
1996-02-27,38.28834915161133
1996-02-28,38.11293411254883
1996-02-29,37.74361801147461
1996-03-01,38.3437385559082
1996-03-04,38.56534194946289
1996-03-05,38.92540740966797
1996-03-06,38.58378601074219
1996-03-07,38.777671813964844
1996-03-08,37.52201843261719
1996-03-11,37.955955505371094
1996-03-12,37.66053009033203
1996-03-13,37.919029235839844
1996-03-14,38.085235595703125
1996-03-15,38.05961990356445
1996-03-18,38.79226303100586
1996-03-19,38.70881271362305
1996-03-20,38.66242599487305
1996-03-21,38.56969451904297
1996-03-22,38.671695709228516
1996-03-25,38.59751510620117
1996-03-26,38.782981872558594
1996-03-27,38.43058776855469
1996-03-28,38.57896423339844
1996-03-29,38.393489837646484
1996-04-01,38.838623046875
1996-04-02,38.91281509399414
1996-04-03,38.91281509399414
1996-04-04,38.885013580322266
1996-04-08,38.21730041503906
1996-04-09,38.068904876708984
1996-04-10,37.391902923583984
1996-04-11,37.345550537109375
1996-04-12,37.81851577758789
1996-04-15,38.133811950683594
1996-04-16,38.245086669921875
1996-04-17,38.152366638183594
1996-04-18,38.2080078125
1996-04-19,38.30074691772461
1996-04-22,38.59751510620117
1996-04-23,38.718074798583984
1996-04-24,38.57896423339844
1996-04-25,38.75516128540039
1996-04-26,38.838623046875
1996-04-29,38.838623046875
1996-04-30,38.81077194213867
1996-05-01,38.89426803588867
1996-05-02,38.22655487060547
1996-05-03,38.17091751098633
1996-05-06,38.133811950683594
1996-05-07,37.976173400878906
1996-05-08,38.44913864135742
1996-05-09,38.421329498291016
1996-05-10,38.801536560058594
1996-05-13,39.38576126098633
1996-05-14,39.62689971923828
1996-05-15,39.58053207397461
1996-05-16,39.664005279541016
1996-05-17,39.877296447753906
1996-05-20,40.14622497558594
1996-05-21,40.09060287475586
1996-05-22,40.47083282470703
1996-05-23,40.30387878417969
1996-05-24,40.461524963378906
1996-05-28,40.05350112915039
1996-05-29,39.7845573425293
1996-05-30,39.98856735229492
1996-05-31,39.69184112548828
1996-06-03,39.80310821533203
1996-06-04,40.08131790161133
1996-06-05,40.433719635009766
1996-06-06,40.13694763183594
1996-06-07,40.13694763183594
1996-06-10,40.007102966308594
1996-06-11,39.970035552978516
1996-06-12,39.895843505859375
1996-06-13,39.895843505859375
1996-06-14,39.728912353515625
1996-06-17,39.701107025146484
1996-06-18,39.376495361328125
1996-06-19,39.55270004272461
1996-06-20,39.524871826171875
1996-06-21,39.86484146118164
1996-06-24,39.93942642211914
1996-06-25,39.8928108215332
1996-06-26,39.6224365234375
1996-06-27,39.90215301513672
1996-06-28,40.04197311401367
1996-07-01,40.386940002441406
1996-07-02,40.237754821777344
1996-07-03,40.153846740722656
1996-07-05,39.128334045410156
1996-07-08,38.969844818115234
1996-07-09,39.128334045410156
1996-07-10,39.28682327270508
1996-07-11,38.494346618652344
1996-07-12,38.52233123779297
1996-07-15,37.38492202758789
1996-07-16,37.47817611694336
1996-07-17,37.92567443847656
1996-07-18,38.44775390625
1996-07-19,38.16804504394531
1996-07-22,37.88837814331055
1996-07-23,37.40360641479492
1996-07-24,37.47817611694336
1996-07-25,37.81380081176758
1996-07-26,38.01890182495117
1996-07-29,37.599361419677734
1996-07-30,37.96297073364258
1996-07-31,38.24265670776367
1996-08-01,38.87660217285156
1996-08-02,39.715675354003906
1996-08-05,39.482601165771484
1996-08-06,39.603782653808594
1996-08-07,39.70634841918945
1996-08-08,39.641109466552734
1996-08-09,39.51057052612305
1996-08-12,39.799564361572266
1996-08-13,39.482601165771484
1996-08-14,39.6224365234375
1996-08-15,39.54785919189453
1996-08-16,39.883480072021484
1996-08-19,39.90215301513672
1996-08-20,39.87416076660156
1996-08-21,39.73432159423828
1996-08-22,40.10722351074219
1996-08-23,39.8928108215332
1996-08-26,39.697017669677734
1996-08-27,39.846187591552734
1996-08-28,39.780906677246094
1996-08-29,39.38936233520508
1996-08-30,38.97915267944336
1996-09-03,39.23087692260742
1996-09-04,39.2681884765625
1996-09-05,38.7927131652832
1996-09-06,39.3427619934082
1996-09-09,39.808902740478516
1996-09-10,39.79024887084961
1996-09-11,40.013999938964844
1996-09-12,40.29369354248047
1996-09-13,40.90901184082031
1996-09-16,41.05818176269531
1996-09-17,40.964935302734375
1996-09-18,40.86239242553711
1996-09-19,41.0208740234375
1996-09-20,41.16640853881836
1996-09-23,41.15702438354492
1996-09-24,41.14765548706055
1996-09-25,41.17576217651367
1996-09-26,41.15702438354492
1996-09-27,41.19449996948242
1996-09-30,41.15702438354492
1996-10-01,41.38193130493164
1996-10-02,41.663047790527344
1996-10-03,41.625553131103516
1996-10-04,42.18781661987305
1996-10-07,42.23467254638672
1996-10-08,42.06601333618164
1996-10-09,41.73802185058594
1996-10-10,41.65367889404297
1996-10-11,42.16908645629883
1996-10-14,42.225303649902344
1996-10-15,42.16908645629883
1996-10-16,42.375244140625
1996-10-17,42.48768615722656
1996-10-18,42.71260452270508
1996-10-21,42.65633773803711
1996-10-22,42.35649490356445
1996-10-23,42.49704360961914
1996-10-24,42.1316032409668
1996-10-25,42.16908645629883
1996-10-28,41.88798522949219
1996-10-29,42.225303649902344
1996-10-30,42.084754943847656
1996-10-31,42.48768615722656
1996-11-01,42.33774185180664
1996-11-04,42.618892669677734
1996-11-05,42.86252975463867
1996-11-06,43.687171936035156
1996-11-07,43.790260314941406
1996-11-08,44.033870697021484
1996-11-11,43.98705291748047
1996-11-12,43.855857849121094
1996-11-13,44.052608489990234
1996-11-14,44.3431510925293
1996-11-15,44.399356842041016
1996-11-18,44.40873336791992
1996-11-19,44.72733688354492
1996-11-20,44.80231475830078
1996-11-21,44.73671340942383
1996-11-22,45.083431243896484
1996-11-25,45.65503692626953
1996-11-26,45.505104064941406
1996-11-27,45.42079544067383
1996-11-29,45.58946228027344
1996-12-02,45.60819625854492
1996-12-03,44.83042526245117
1996-12-04,44.952232360839844
1996-12-05,44.83042526245117
1996-12-06,44.56803512573242
1996-12-09,45.22400665283203
1996-12-10,45.00846862792969
1996-12-11,44.596153259277344
1996-12-12,43.855857849121094
1996-12-13,43.968299865722656
1996-12-16,43.40604782104492
1996-12-17,43.752777099609375
1996-12-18,44.099491119384766
1996-12-19,45.00846862792969
1996-12-20,45.10725021362305
1996-12-23,44.99422836303711
1996-12-24,45.32380676269531
1996-12-26,45.67226791381836
1996-12-27,45.72874069213867
1996-12-30,45.333213806152344
1996-12-31,44.50454330444336
1997-01-02,44.617557525634766
1997-01-03,45.257896423339844
1997-01-06,44.862388610839844
1997-01-07,45.4085578918457
1997-01-08,45.01308822631836
1997-01-09,45.389732360839844
1997-01-10,45.87940979003906
1997-01-13,45.81350326538086
1997-01-14,46.38794708251953
1997-01-15,46.27493667602539
1997-01-16,46.46324920654297
1997-01-17,46.745784759521484
1997-01-20,46.802284240722656
1997-01-21,47.178977966308594
1997-01-22,47.517967224121094
1997-01-23,46.85877227783203
1997-01-24,46.25608444213867
1997-01-27,46.12424850463867
1997-01-28,46.25608444213867
1997-01-29,46.708106994628906
1997-01-30,47.310794830322266
1997-01-31,47.254302978515625
1997-02-03,47.39558410644531
1997-02-04,47.68747329711914
1997-02-05,46.792842864990234
1997-02-06,47.10361862182617
1997-02-07,47.74397659301758
1997-02-10,47.29195785522461
1997-02-11,47.83814239501953
1997-02-12,48.51617431640625
1997-02-13,49.043521881103516
1997-02-14,48.930511474609375
1997-02-18,49.344871520996094
1997-02-19,49.01526641845703
1997-02-20,48.422000885009766
1997-02-21,48.44087219238281
1997-02-24,49.01526641845703
1997-02-25,49.05295181274414
1997-02-26,48.57268142700195
1997-02-27,47.84756851196289
1997-02-28,47.706321716308594
1997-03-03,48.02647399902344
1997-03-04,47.76280212402344
1997-03-05,48.57268142700195
1997-03-06,48.2901725769043
1997-03-07,48.72336959838867
1997-03-10,49.23187255859375
1997-03-11,48.96818542480469
1997-03-12,48.53499984741211
1997-03-13,47.781646728515625
1997-03-14,48.02647399902344
1997-03-17,48.1583366394043
1997-03-18,47.64039993286133
1997-03-19,47.480308532714844
1997-03-20,47.2354850769043
1997-03-21,47.45417404174805
1997-03-24,48.11589050292969
1997-03-25,47.64323043823242
1997-03-26,47.8511848449707
1997-03-27,46.58448028564453
1997-03-31,45.60137176513672
1997-04-01,45.89444351196289
1997-04-02,45.07200622558594
1997-04-03,45.31780242919922
1997-04-04,45.88496780395508
1997-04-07,46.064579010009766
1997-04-08,46.39543914794922
1997-04-09,46.017311096191406
1997-04-10,45.84715270996094
1997-04-11,44.391414642333984
1997-04-14,44.986934661865234
1997-04-15,45.752628326416016
1997-04-16,46.281978607177734
1997-04-17,46.09295654296875
1997-04-18,46.31981658935547
1997-04-21,46.017311096191406
1997-04-22,47.02878189086914
1997-04-23,47.0760498046875
1997-04-24,46.839744567871094
1997-04-25,46.3008918762207
1997-04-28,46.754634857177734
1997-04-29,48.22929000854492
1997-04-30,48.45618438720703
1997-05-01,48.39947509765625
1997-05-02,49.26914978027344
1997-05-05,50.44133377075195
1997-05-06,50.40349578857422
1997-05-07,49.30697250366211
1997-05-08,49.647281646728516
1997-05-09,49.98756790161133
1997-05-12,50.81944274902344
1997-05-13,50.6114616394043
1997-05-14,50.70600891113281
1997-05-15,51.04633331298828
1997-05-16,50.34678649902344
1997-05-19,50.4980354309082
1997-05-20,51.10304641723633
1997-05-21,50.98959732055664
1997-05-22,50.81944274902344
1997-05-23,51.29210662841797
1997-05-27,51.50006866455078
1997-05-28,51.49061584472656
1997-05-29,51.18809509277344
1997-05-30,51.51898193359375
1997-06-02,51.29210662841797
1997-06-03,51.12194061279297
1997-06-04,51.06521987915039
1997-06-05,51.254329681396484
1997-06-06,52.25628662109375
1997-06-09,52.52098083496094
1997-06-10,52.68170928955078
1997-06-11,52.804561614990234
1997-06-12,53.82551574707031
1997-06-13,54.27926254272461
1997-06-16,54.29817199707031
1997-06-17,54.2225341796875
1997-06-18,54.033470153808594
1997-06-19,54.59122848510742
1997-06-20,54.405242919921875
1997-06-23,53.086097717285156
1997-06-24,54.43366622924805
1997-06-25,54.05406951904297
1997-06-26,53.788387298583984
1997-06-27,53.997108459472656
1997-06-30,53.63652801513672
1997-07-01,54.26286315917969
1997-07-02,55.15489959716797
1997-07-03,55.91408157348633
1997-07-07,55.344688415527344
1997-07-08,55.92356491088867
1997-07-09,55.3067512512207
1997-07-10,55.553466796875
1997-07-11,55.743289947509766
1997-07-14,55.91408157348633
1997-07-15,56.19878387451172
1997-07-16,56.938968658447266
1997-07-17,56.654273986816406
1997-07-18,55.44908142089844
1997-07-21,55.458587646484375
1997-07-22,56.92951202392578
1997-07-23,56.882015228271484
1997-07-24,57.147762298583984
1997-07-25,57.109798431396484
1997-07-28,57.07183074951172
1997-07-29,57.261619567871094
1997-07-30,57.94491195678711
1997-07-31,57.88798141479492
1997-08-01,57.660213470458984
1997-08-04,57.81203079223633
1997-08-05,57.85000991821289
1997-08-06,58.32448959350586
1997-08-07,57.88798141479492
1997-08-08,56.71124267578125
1997-08-11,57.12876892089844
1997-08-12,56.21773147583008
1997-08-13,56.046958923339844
1997-08-14,56.2557258605957
1997-08-15,54.52857208251953
1997-08-18,55.743289947509766
1997-08-19,56.388587951660156
1997-08-20,57.242671966552734
1997-08-21,56.23674774169922
1997-08-22,56.21773147583008
1997-08-25,56.008995056152344
1997-08-26,55.183372497558594
1997-08-27,55.515533447265625
1997-08-28,54.6708984375
1997-08-29,54.88917541503906
1997-09-02,56.673301696777344
1997-09-03,56.369571685791016
1997-09-04,56.730228424072266
1997-09-05,56.568878173828125
1997-09-08,56.815616607666016
1997-09-09,56.844093322753906
1997-09-10,55.6673583984375
1997-09-11,55.382659912109375
1997-09-12,56.27470779418945
1997-09-15,56.1798095703125
1997-09-16,57.58427429199219
1997-09-17,57.58427429199219
1997-09-18,57.8310432434082
1997-09-19,57.9288444519043
1997-09-22,58.25269317626953
1997-09-23,57.98601150512695
1997-09-24,57.509796142578125
1997-09-25,57.109745025634766
1997-09-26,57.58595275878906
1997-09-29,58.13838195800781
1997-09-30,57.528831481933594
1997-10-01,58.290794372558594
1997-10-02,58.61460494995117
1997-10-03,58.909912109375
1997-10-06,59.300418853759766
1997-10-07,59.85281753540039
1997-10-08,59.43375778198242
1997-10-09,59.22417449951172
1997-10-10,59.05276107788086
1997-10-13,59.10993576049805
1997-10-14,59.128971099853516
1997-10-15,58.99558639526367
1997-10-16,58.06220245361328
1997-10-17,57.471656799316406
1997-10-20,58.290794372558594
1997-10-21,59.42424392700195
1997-10-22,59.033721923828125
1997-10-23,57.871726989746094
1997-10-24,57.30023956298828
1997-10-27,53.14753723144531
1997-10-28,56.214447021484375
1997-10-29,56.062034606933594
1997-10-30,54.82381820678711
1997-10-31,56.11919021606445
1997-11-03,57.30023956298828
1997-11-04,57.30023956298828
1997-11-05,57.49071502685547
1997-11-06,57.27165985107422
1997-11-07,56.652530670166016
1997-11-10,56.3096923828125
1997-11-11,56.32872772216797
1997-11-12,55.16673278808594
1997-11-13,55.966819763183594
1997-11-14,56.728759765625
1997-11-17,57.77649688720703
1997-11-18,57.4145393371582
1997-11-19,57.700286865234375
1997-11-20,58.576576232910156
1997-11-21,58.97655487060547
1997-11-24,57.90981674194336
1997-11-25,58.06220245361328
1997-11-26,58.23368453979492
1997-11-28,58.290794372558594
1997-12-01,59.79570007324219
1997-12-02,59.43375778198242
1997-12-03,59.60518264770508
1997-12-04,59.54805374145508
1997-12-05,60.310028076171875
1997-12-08,60.138580322265625
1997-12-09,59.77665328979492
1997-12-10,59.262298583984375
1997-12-11,58.25269317626953
1997-12-12,58.367008209228516
1997-12-15,58.957515716552734
1997-12-16,59.31947326660156
1997-12-17,59.01466369628906
1997-12-18,58.44319152832031
1997-12-19,58.0063591003418
1997-12-22,58.37932205200195
1997-12-23,57.336978912353516
1997-12-24,57.16487503051758
1997-12-26,57.39436721801758
1997-12-29,58.52275085449219
1997-12-30,59.44075393676758
1997-12-31,59.40250778198242
1998-01-02,59.70848846435547
1998-01-05,59.84239196777344
1998-01-06,58.886112213134766
1998-01-07,59.03914260864258
1998-01-08,58.52275085449219
1998-01-09,56.49551773071289
1998-01-12,57.52824401855469
1998-01-13,58.331520080566406
1998-01-14,58.599239349365234
1998-01-15,58.11153030395508
1998-01-16,58.943519592285156
1998-01-20,59.89976501464844
1998-01-21,59.32602310180664
1998-01-22,58.80009841918945
1998-01-23,58.7140007019043
1998-01-26,58.67574691772461
1998-01-27,59.268619537353516
1998-01-28,59.804141998291016
1998-01-29,60.129249572753906
1998-01-30,60.167510986328125
1998-02-02,61.16202926635742
1998-02-03,61.62102127075195
1998-02-04,61.54448699951172
1998-02-05,61.50625228881836
1998-02-06,62.19477462768555
1998-02-09,61.9843635559082
1998-02-10,62.57726287841797
1998-02-11,62.51988983154297
1998-02-12,62.787654876708984
1998-02-13,62.424259185791016
1998-02-17,62.730289459228516
1998-02-18,63.30399703979492
1998-02-19,62.96931838989258
1998-02-20,63.4378776550293
1998-02-23,63.68650436401367
1998-02-24,63.18926239013672
1998-02-25,63.97340774536133
1998-02-26,64.33677673339844
1998-02-27,64.33677673339844
1998-03-02,64.20291900634766
1998-03-03,64.5662841796875
1998-03-04,64.1455078125
1998-03-05,63.552642822265625
1998-03-06,64.83403015136719
1998-03-09,64.60453033447266
1998-03-10,65.21654510498047
1998-03-11,65.52254486083984
1998-03-12,65.79026794433594
1998-03-13,65.5416488647461
1998-03-16,66.24929809570312
1998-03-17,66.44054412841797
1998-03-18,66.6891860961914
1998-03-19,66.8613052368164
1998-03-20,67.43699645996094
1998-03-23,67.2835464477539
1998-03-24,67.85900115966797
1998-03-25,67.60960388183594
1998-03-26,67.57125854492188
1998-03-27,67.2835464477539
1998-03-30,67.24520111083984
1998-03-31,67.47535705566406
1998-04-01,68.02195739746094
1998-04-02,68.76041412353516
1998-04-03,69.1056137084961
1998-04-06,68.5494155883789
1998-04-07,68.089111328125
1998-04-08,67.70551300048828
1998-04-09,68.24252319335938
1998-04-13,68.0507583618164
1998-04-14,68.62616729736328
1998-04-15,68.8179702758789
1998-04-16,68.01240539550781
1998-04-17,68.91385650634766
1998-04-20,68.89469146728516
1998-04-21,69.22077178955078
1998-04-22,69.41250610351562
1998-04-23,68.74124908447266
1998-04-24,68.01240539550781
1998-04-27,66.72734832763672
1998-04-28,66.6314468383789
1998-04-29,67.09172821044922
1998-04-30,68.33848571777344
1998-05-01,69.1056137084961
1998-05-04,68.93305206298828
1998-05-05,68.45352935791016
1998-05-06,67.64798736572266
1998-05-07,67.11090850830078
1998-05-08,68.20418548583984
1998-05-11,67.97406005859375
1998-05-12,68.70287322998047
1998-05-13,68.87549591064453
1998-05-14,68.53023529052734
1998-05-15,68.14665985107422
1998-05-18,67.8781509399414
1998-05-19,68.33848571777344
1998-05-20,68.9905776977539
1998-05-21,68.5494155883789
1998-05-22,68.28094482421875
1998-05-26,67.18766021728516
1998-05-27,67.2835464477539
1998-05-28,67.59044647216797
1998-05-29,66.91914367675781
1998-06-01,67.22603607177734
1998-06-02,67.2835464477539
1998-06-03,66.20948028564453
1998-06-04,67.43699645996094
1998-06-05,68.74124908447266
1998-06-08,68.66452026367188
1998-06-09,68.87549591064453
1998-06-10,68.43437957763672
1998-06-11,67.14927673339844
1998-06-12,67.78224182128906
1998-06-15,65.99849700927734
1998-06-16,67.0150146484375
1998-06-17,68.41519927978516
1998-06-18,68.10829162597656
1998-06-19,67.76702880859375
1998-06-22,68.09414672851562
1998-06-23,68.90227508544922
1998-06-24,69.82582092285156
1998-06-25,69.71038055419922
1998-06-26,69.99901580810547
1998-06-29,70.24913024902344
1998-06-30,69.76812744140625
1998-07-01,70.57623291015625
1998-07-02,70.71094512939453
1998-07-06,71.42284393310547
1998-07-07,71.2882080078125
1998-07-08,71.80764770507812
1998-07-09,71.32664489746094
1998-07-10,71.71145629882812
1998-07-13,71.7306900024414
1998-07-14,72.53883361816406
1998-07-15,72.40412902832031
1998-07-16,72.90438079833984
1998-07-17,73.00059509277344
1998-07-20,73.00059509277344
1998-07-21,71.7306900024414
1998-07-22,71.7306900024414
1998-07-23,70.30683898925781
1998-07-24,70.24913024902344
1998-07-27,70.7493896484375
1998-07-28,69.55644226074219
1998-07-29,69.28706359863281
1998-07-30,70.32611083984375
1998-07-31,68.82526397705078
1998-08-03,68.53665161132812
1998-08-04,65.88143920898438
1998-08-05,66.78573608398438
1998-08-06,67.0743408203125
1998-08-07,67.18976593017578
1998-08-10,66.80499267578125
1998-08-11,65.80443572998047
1998-08-12,66.92041015625
1998-08-13,66.11231231689453
1998-08-14,65.34264373779297
1998-08-17,66.72801208496094
1998-08-18,67.95941925048828
1998-08-19,67.7862777709961
1998-08-20,67.38220977783203
1998-08-21,66.84349060058594
1998-08-24,67.26676177978516
1998-08-25,67.42066192626953
1998-08-26,67.03585815429688
1998-08-27,63.88034439086914
1998-08-28,63.64945602416992
1998-08-31,59.1085319519043
1998-09-01,61.609901428222656
1998-09-02,61.167320251464844
1998-09-03,60.68635940551758
1998-09-04,60.18606185913086
1998-09-08,63.41852951049805
1998-09-09,61.87925720214844
1998-09-10,60.64786148071289
1998-09-11,62.61042404174805
1998-09-14,63.68788528442383
1998-09-15,64.07274627685547
1998-09-16,64.65000915527344
1998-09-17,62.80282974243164
1998-09-18,63.08259582519531
1998-09-21,63.04397964477539
1998-09-22,63.5653076171875
1998-09-23,66.11412048339844
1998-09-24,64.49215698242188
1998-09-25,64.41490936279297
1998-09-28,64.99417877197266
1998-09-29,64.8397445678711
1998-09-30,62.87021255493164
1998-10-01,61.055145263671875
1998-10-02,62.233001708984375
1998-10-05,60.9778938293457
1998-10-06,60.91999435424805
1998-10-07,60.01249313354492
1998-10-08,59.6842041015625
1998-10-09,60.881378173828125
1998-10-12,61.769554138183594
1998-10-13,61.55717468261719
1998-10-14,62.13639450073242
1998-10-15,65.47691345214844
1998-10-16,65.4962387084961
1998-10-19,65.72794342041016
1998-10-20,66.11412048339844
1998-10-21,65.88237762451172
1998-10-22,66.8671875
1998-10-23,66.01758575439453
1998-10-26,66.50028991699219
1998-10-27,66.11412048339844
1998-10-28,65.9982681274414
1998-10-29,67.60088348388672
1998-10-30,67.96778869628906
1998-11-02,69.12631225585938
1998-11-03,68.62428283691406
1998-11-04,69.3580322265625
1998-11-05,70.30414581298828
1998-11-06,70.51654052734375
1998-11-09,70.01451110839844
1998-11-10,69.82146453857422
1998-11-11,69.3580322265625
1998-11-12,69.28079986572266
1998-11-13,69.95658111572266
1998-11-16,70.47795867919922
1998-11-17,70.47795867919922
1998-11-18,70.90271759033203
1998-11-19,71.52069091796875
1998-11-20,72.0613021850586
1998-11-23,73.760498046875
1998-11-24,73.29707336425781
1998-11-25,73.29707336425781
1998-11-27,73.83769226074219
1998-11-30,71.75235748291016
1998-12-01,72.67916870117188
1998-12-02,72.46675872802734
1998-12-03,71.26963806152344
1998-12-04,73.142578125
1998-12-07,73.49018096923828
1998-12-08,73.16190338134766
1998-12-09,73.29707336425781
1998-12-10,72.22537994384766
1998-12-11,72.37023162841797
1998-12-14,70.28485107421875
1998-12-15,72.09989929199219
1998-12-16,72.00337219238281
1998-12-17,73.15225219726562
1998-12-18,73.46308135986328
1998-12-21,74.48985290527344
1998-12-22,74.81918334960938
1998-12-23,76.38837432861328
1998-12-24,76.05911254882812
1998-12-28,75.86534118652344
1998-12-29,77.06649017333984
1998-12-30,76.44654846191406
1998-12-31,76.44654846191406
1999-01-04,76.27220916748047
1999-01-05,77.14395904541016
1999-01-06,79.00377655029297
1999-01-07,78.61632537841797
1999-01-08,79.1975326538086
1999-01-11,78.44197845458984
1999-01-12,77.02776336669922
1999-01-13,76.4852523803711
1999-01-14,75.14856719970703
1999-01-15,77.1052474975586
1999-01-19,77.60894775390625
1999-01-20,78.22888946533203
1999-01-21,76.15595245361328
1999-01-22,75.98158264160156
1999-01-25,76.75653839111328
1999-01-26,78.1513442993164
1999-01-27,77.2408447265625
1999-01-28,78.53882598876953
1999-01-29,79.1393814086914
1999-02-01,78.67446899414062
1999-02-02,78.19013977050781
1999-02-03,78.98444366455078
1999-02-04,77.80268859863281
1999-02-05,76.9114990234375
1999-02-08,77.06649017333984
1999-02-09,75.34225463867188
1999-02-10,75.82659149169922
1999-02-11,77.57014465332031
1999-02-12,76.64031982421875
1999-02-16,76.17533111572266
1999-02-17,76.09783935546875
1999-02-18,76.69841766357422
1999-02-19,77.02776336669922
1999-02-22,79.08130645751953
1999-02-23,79.04256439208984
1999-02-24,77.6476821899414
1999-02-25,76.9114990234375
1999-02-26,76.60153198242188
1999-03-01,76.81466674804688
1999-03-02,76.13656616210938
1999-03-03,76.54341125488281
1999-03-04,77.51205444335938
1999-03-05,79.07159423828125
1999-03-08,79.58497619628906
1999-03-09,79.39126586914062
1999-03-10,80.08868408203125
1999-03-11,80.97985076904297
1999-03-12,80.20494079589844
1999-03-15,81.34795379638672
1999-03-16,81.03800964355469
1999-03-17,80.68927001953125
1999-03-18,81.9872817993164
1999-03-19,80.5936508178711
1999-03-22,80.7490234375
1999-03-23,78.41861724853516
1999-03-24,78.86531829833984
1999-03-25,80.47714233398438
1999-03-26,79.89451599121094
1999-03-29,81.50638580322266
1999-03-30,81.07915496826172
1999-03-31,79.77801513671875
1999-04-01,80.38005065917969
1999-04-05,82.28323364257812
1999-04-06,82.08902740478516
1999-04-07,82.74932098388672
1999-04-08,83.79801940917969
1999-04-09,83.81744384765625
1999-04-12,84.71075439453125
1999-04-13,84.16695404052734
1999-04-14,82.74932098388672
1999-04-15,82.43860626220703
1999-04-16,81.73943328857422
1999-04-19,80.47714233398438
1999-04-20,81.48702239990234
1999-04-21,83.81744384765625
1999-04-22,84.6136245727539
1999-04-23,84.40003967285156
1999-04-26,84.88552856445312
1999-04-27,85.29335021972656
1999-04-28,84.12814331054688
1999-04-29,83.48727416992188
1999-04-30,82.80757904052734
1999-05-03,84.32231903076172
1999-05-04,83.11830139160156
1999-05-05,83.77857971191406
1999-05-06,83.26398468017578
1999-05-07,83.89508819580078
1999-05-10,83.47755432128906
1999-05-11,84.32231903076172
1999-05-12,84.98261260986328
1999-05-13,85.35165405273438
1999-05-14,83.13771057128906
1999-05-17,83.39018249511719
1999-05-18,83.2348403930664
1999-05-19,83.83683776855469
1999-05-20,83.33190155029297
1999-05-21,82.86583709716797
1999-05-24,81.48702239990234
1999-05-25,80.16641235351562
1999-05-26,81.0597915649414
1999-05-27,79.89451599121094
1999-05-28,80.91411590576172
1999-06-01,80.63251495361328
1999-06-02,80.71015930175781
1999-06-03,81.1568603515625
1999-06-04,82.78813171386719
1999-06-07,83.00179290771484
1999-06-08,82.18614196777344
1999-06-09,82.10841369628906
1999-06-10,81.35102844238281
1999-06-11,80.67134094238281
1999-06-14,80.7490234375
1999-06-15,81.2928237915039
1999-06-16,82.84642791748047
1999-06-17,83.62322235107422
1999-06-18,83.71979522705078
1999-06-21,83.91464233398438
1999-06-22,83.33023834228516
1999-06-23,82.9212417602539
1999-06-24,82.2978744506836
1999-06-25,82.09333801269531
1999-06-28,83.09648895263672
1999-06-29,83.87564086914062
1999-06-30,85.39502716064453
1999-07-01,86.037841796875
1999-07-02,86.89490509033203
1999-07-06,86.87540435791016
1999-07-07,86.99226379394531
1999-07-08,87.06045532226562
1999-07-09,87.57662963867188
1999-07-12,87.18704223632812
1999-07-13,86.87540435791016
1999-07-14,87.36234283447266
1999-07-15,87.91748046875
1999-07-16,88.39474487304688
1999-07-19,87.81038665771484
1999-07-20,86.00859832763672
1999-07-21,85.91121673583984
1999-07-22,84.78142547607422
1999-07-23,84.61585998535156
1999-07-26,83.99250030517578
1999-07-27,84.69380187988281
1999-07-28,84.96649169921875
1999-07-29,83.7782974243164
1999-07-30,82.74588775634766
1999-08-02,82.940673828125
1999-08-03,82.55109405517578
1999-08-04,81.42134094238281
1999-08-05,82.16156768798828
1999-08-06,81.2655258178711
1999-08-09,81.0902099609375
1999-08-10,80.19416809082031
1999-08-11,81.1681137084961
1999-08-12,81.11943817138672
1999-08-13,82.9991226196289
1999-08-16,83.36922454833984
1999-08-17,83.91464233398438
1999-08-18,83.31079864501953
1999-08-19,82.62901306152344
1999-08-20,83.46658325195312
1999-08-23,85.06391906738281
1999-08-24,85.37553405761719
1999-08-25,86.25206756591797
1999-08-26,85.21969604492188
1999-08-27,84.18732452392578
1999-08-30,82.62901306152344
1999-08-31,82.31737518310547
1999-09-01,83.33023834228516
1999-09-02,82.34661102294922
1999-09-03,84.75220489501953
1999-09-07,84.44059753417969
1999-09-08,84.03146362304688
1999-09-09,83.99250030517578
1999-09-10,84.69380187988281
1999-09-13,84.11915588378906
1999-09-14,83.56404113769531
1999-09-15,82.23946380615234
1999-09-16,82.56086730957031
1999-09-17,83.60403442382812
1999-09-20,83.48680877685547
1999-09-21,81.72880554199219
1999-09-22,81.64090728759766
1999-09-23,79.93169403076172
1999-09-24,79.85355377197266
1999-09-27,80.38096618652344
1999-09-28,80.22467803955078
1999-09-29,79.26753997802734
1999-09-30,80.47864532470703
1999-10-01,80.30284881591797
1999-10-04,81.72880554199219
1999-10-05,81.65065002441406
1999-10-06,82.90084075927734
1999-10-07,82.43202209472656
1999-10-08,83.68216705322266
1999-10-11,83.54544830322266
1999-10-12,82.25619506835938
1999-10-13,80.12706756591797
1999-10-14,80.10749053955078
1999-10-15,78.05644226074219
1999-10-18,78.62298583984375
1999-10-19,79.38475036621094
1999-10-20,80.16609954833984
1999-10-21,80.63490295410156
1999-10-22,81.31859588623047
1999-10-25,80.90833282470703
1999-10-26,79.89261627197266
1999-10-27,81.3381118774414
1999-10-28,84.11187744140625
1999-10-29,85.63552856445312
1999-11-01,84.73695373535156
1999-11-02,84.13140869140625
1999-11-03,84.69790649414062
1999-11-04,85.3425064086914
1999-11-05,86.18248748779297
1999-11-08,86.26058197021484
1999-11-09,85.449951171875
1999-11-10,86.08480072021484
1999-11-11,86.57312774658203
1999-11-12,87.35448455810547
1999-11-15,87.55956268310547
1999-11-16,88.2920913696289
1999-11-17,88.52645874023438
1999-11-18,89.15157318115234
1999-11-19,89.07344055175781
1999-11-22,89.05389404296875
1999-11-23,88.27252197265625
1999-11-24,88.74137115478516
1999-11-26,88.40928649902344
1999-11-29,88.0967788696289
1999-11-30,87.06148529052734
1999-12-01,87.7646713256836
1999-12-02,88.2920913696289
1999-12-03,89.91338348388672
1999-12-06,89.24925231933594
1999-12-07,88.52645874023438
1999-12-08,87.96001434326172
1999-12-09,88.3897476196289
1999-12-10,88.68275451660156
1999-12-13,88.8390121459961
1999-12-14,87.97952270507812
1999-12-15,88.44835662841797
1999-12-16,88.8390121459961
1999-12-17,89.4095687866211
1999-12-20,88.76337432861328
1999-12-21,90.11454010009766
1999-12-22,90.34950256347656
1999-12-23,91.78870391845703
1999-12-27,91.66145324707031
1999-12-28,91.60267639160156
1999-12-29,91.99434661865234
1999-12-30,91.88661193847656
1999-12-31,92.0334701538086
2000-01-03,91.13275146484375
2000-01-04,87.56892395019531
2000-01-05,87.72555541992188
2000-01-06,86.31568908691406
2000-01-07,91.3285903930664
2000-01-10,91.64186096191406
2000-01-11,90.5452880859375
2000-01-12,89.64459228515625
2000-01-13,90.85862731933594
2000-01-14,92.0922622680664
2000-01-18,91.36772918701172
2000-01-19,92.11186218261719
2000-01-20,90.70198059082031
2000-01-21,90.50611114501953
2000-01-24,87.94093322753906
2000-01-25,88.93961334228516
2000-01-26,88.2346420288086
2000-01-27,87.88217163085938
2000-01-28,85.14080047607422
2000-01-31,87.45140838623047
2000-02-01,88.3130111694336
2000-02-02,88.39129638671875
2000-02-03,89.72288513183594
2000-02-04,89.35081481933594
2000-02-07,89.21370697021484
2000-02-08,90.42784118652344
2000-02-09,88.52842712402344
2000-02-10,88.70464324951172
2000-02-11,86.90310668945312
2000-02-14,87.4122543334961
2000-02-15,88.40113067626953
2000-02-16,87.09895324707031
2000-02-17,86.64862060546875
2000-02-18,84.7883071899414
2000-02-22,84.57292175292969
2000-02-23,85.571533203125
2000-02-24,83.84837341308594
2000-02-25,83.5448989868164
2000-02-28,85.29745483398438
2000-02-29,86.11988830566406
2000-03-01,86.74649047851562
2000-03-02,86.80519104003906
2000-03-03,88.43048858642578
2000-03-06,87.56892395019531
2000-03-07,85.8750991821289
2000-03-08,85.76738739013672
2000-03-09,88.2738037109375
2000-03-10,87.80391693115234
2000-03-13,86.84434509277344
2000-03-14,85.61072540283203
2000-03-15,87.60807037353516
2000-03-16,91.7005615234375
2000-03-17,92.30667877197266
2000-03-20,91.83551788330078
2000-03-21,93.72013092041016
2000-03-22,94.28943634033203
2000-03-23,95.89925384521484
2000-03-24,96.468505859375
2000-03-27,95.4476547241211
2000-03-28,94.8979721069336
2000-03-29,94.99613952636719
2000-03-30,93.40602111816406
2000-03-31,94.46612548828125
2000-04-03,95.0157699584961
2000-04-04,94.30906677246094
2000-04-05,93.72013092041016
2000-04-06,94.53482055664062
2000-04-07,95.13359069824219
2000-04-10,94.76061248779297
2000-04-11,94.4856948852539
2000-04-12,91.8944091796875
2000-04-13,90.61834716796875
2000-04-14,85.43572998046875
2000-04-17,88.41963195800781
2000-04-18,90.75582122802734
2000-04-19,89.9116439819336
2000-04-20,90.34355926513672
2000-04-24,89.36199188232422
2000-04-25,93.07229614257812
2000-04-26,92.02198791503906
2000-04-27,91.71774291992188
2000-04-28,91.1484146118164
2000-05-01,92.38521575927734
2000-05-02,90.53986358642578
2000-05-03,88.41963195800781
2000-05-04,89.08711242675781
2000-05-05,90.1668930053711
2000-05-08,89.4896011352539
2000-05-09,88.77304077148438
2000-05-10,86.7706298828125
2000-05-11,88.75340270996094
2000-05-12,89.7153549194336
2000-05-15,91.26622009277344
2000-05-16,92.1496353149414
2000-05-17,91.18767547607422
2000-05-18,90.0687255859375
2000-05-19,88.65521240234375
2000-05-22,87.98774719238281
2000-05-23,86.69208526611328
2000-05-24,88.10553741455078
2000-05-25,86.59394836425781
2000-05-26,86.69208526611328
2000-05-30,89.51903533935547
2000-05-31,89.7153549194336
2000-06-01,91.28587341308594
2000-06-02,92.8759765625
2000-06-05,92.42446899414062
2000-06-06,92.01219940185547
2000-06-07,92.65019989013672
2000-06-08,92.28701782226562
2000-06-09,92.09071350097656
2000-06-12,91.0110092163086
2000-06-13,92.71892547607422
2000-06-14,92.8759765625
2000-06-15,93.07229614257812
2000-06-16,92.30753326416016
2000-06-19,93.48822021484375
2000-06-20,93.15367889404297
2000-06-21,93.11437225341797
2000-06-22,91.69756317138672
2000-06-23,90.91043090820312
2000-06-26,92.0812759399414
2000-06-27,91.40239715576172
2000-06-28,91.65817260742188
2000-06-29,90.79239654541016
2000-06-30,91.48110961914062
2000-07-03,92.74046325683594
2000-07-05,91.0678939819336
2000-07-06,91.7762451171875
2000-07-07,93.25210571289062
2000-07-10,93.09469604492188
2000-07-11,93.29142761230469
2000-07-12,93.90145111083984
2000-07-13,94.31470489501953
2000-07-14,95.23947143554688
2000-07-17,95.08206176757812
2000-07-18,94.30485534667969
2000-07-19,93.54719543457031
2000-07-20,94.84596252441406
2000-07-21,92.99629211425781
2000-07-24,92.46497344970703
2000-07-25,92.76014709472656
2000-07-26,91.85492706298828
2000-07-27,91.5401382446289
2000-07-28,89.47396850585938
2000-07-31,90.04462432861328
2000-08-01,90.5956039428711
2000-08-02,91.0481948852539
2000-08-03,91.6778793334961
2000-08-04,92.16978454589844
2000-08-07,93.27172088623047
2000-08-08,93.62594604492188
2000-08-09,92.83887481689453
2000-08-10,92.38623809814453
2000-08-11,92.81916809082031
2000-08-14,93.99980163574219
2000-08-15,93.92110443115234
2000-08-16,93.58660125732422
2000-08-17,94.57044982910156
2000-08-18,94.25565338134766
2000-08-21,94.76724243164062
2000-08-22,94.60983276367188
2000-08-23,94.98368072509766
2000-08-24,95.27890014648438
2000-08-25,95.23947143554688
2000-08-28,95.564208984375
2000-08-29,95.58390045166016
2000-08-30,94.66887664794922
2000-08-31,95.92821502685547
2000-09-01,96.02661895751953
2000-09-05,95.25918579101562
2000-09-06,94.17689514160156
2000-09-07,94.98368072509766
2000-09-08,94.3343276977539
2000-09-11,94.19661712646484
2000-09-12,93.50788879394531
2000-09-13,93.75385284423828
2000-09-14,94.22608947753906
2000-09-15,92.16458129882812
2000-09-18,91.31636047363281
2000-09-19,92.14486694335938
2000-09-20,91.46435546875
2000-09-21,90.07360076904297
2000-09-22,91.7109375
2000-09-25,91.05995178222656
2000-09-26,89.89602661132812
2000-09-27,90.3694839477539
2000-09-28,91.53338623046875
2000-09-29,90.66539764404297
2000-10-02,90.803466796875
2000-10-03,89.9552230834961
2000-10-04,90.7048568725586
2000-10-05,91.02049255371094
2000-10-06,89.04778289794922
2000-10-09,88.37702178955078
2000-10-10,86.91726684570312
2000-10-11,86.18736267089844
2000-10-12,84.03710174560547
2000-10-13,86.83832550048828
2000-10-16,87.23289489746094
2000-10-17,85.06290435791016
2000-10-18,84.74726867675781
2000-10-19,87.94306182861328
2000-10-20,88.31785583496094
2000-10-23,88.71240234375
2000-10-24,88.12059783935547
2000-10-25,86.04925537109375
2000-10-26,86.28596496582031
2000-10-27,87.92335510253906
2000-10-30,88.71240234375
2000-10-31,90.24129486083984
2000-11-01,89.93550872802734
2000-11-02,90.08345794677734
2000-11-03,90.13276672363281
2000-11-06,90.7640151977539
2000-11-07,90.74430084228516
2000-11-08,88.73212432861328
2000-11-09,88.39678955078125
2000-11-10,86.24652862548828
2000-11-13,85.57575988769531
2000-11-14,87.82470703125
2000-11-15,88.10087585449219
2000-11-16,86.71998596191406
2000-11-17,86.25639343261719
2000-11-20,85.02348327636719
2000-11-21,85.4574966430664
2000-11-22,83.41571807861328
2000-11-24,85.1220703125
2000-11-27,85.87173461914062
2000-11-28,84.39219665527344
2000-11-29,84.23442840576172
2000-11-30,83.50446319580078
2000-12-01,83.46502685546875
2000-12-04,84.17520141601562
2000-12-05,86.93699645996094
2000-12-06,85.54622650146484
2000-12-07,84.37250518798828
2000-12-08,84.56973266601562
2000-12-11,87.50910949707031
2000-12-12,87.13426971435547
2000-12-13,85.94078063964844
2000-12-14,84.8459243774414
2000-12-15,82.92958068847656
2000-12-18,84.03764343261719
2000-12-19,82.32604217529297
2000-12-20,79.94158172607422
2000-12-21,80.49568176269531
2000-12-22,82.90974426269531
2000-12-26,83.8001708984375
2000-12-27,84.4135971069336
2000-12-28,84.67086791992188
2000-12-29,83.06805419921875
2001-01-02,81.56420135498047
2001-01-03,85.48213195800781
2001-01-04,84.56200408935547
2001-01-05,81.8016586303711
2001-01-08,82.4348373413086
2001-01-09,82.21719360351562
2001-01-10,83.66168975830078
2001-01-11,83.7408218383789
2001-01-12,83.58251190185547
2001-01-16,84.11681365966797
2001-01-17,84.50259399414062
2001-01-18,85.34359741210938
2001-01-19,84.85887145996094
2001-01-22,85.42276000976562
2001-01-23,86.09552764892578
2001-01-24,86.35277557373047
2001-01-25,86.13510131835938
2001-01-26,86.03620910644531
2001-01-29,86.49527740478516
2001-01-30,87.25506591796875
2001-01-31,86.76117706298828
2001-02-01,87.33743286132812
2001-02-02,85.35548400878906
2001-02-05,85.98238372802734
2001-02-06,85.7291030883789
2001-02-07,85.28585052490234
2001-02-08,84.29168701171875
2001-02-09,83.4812240600586
2001-02-12,84.43731689453125
2001-02-13,83.74713897705078
2001-02-14,83.62052917480469
2001-02-15,84.43101501464844
2001-02-16,82.56940460205078
2001-02-20,81.29668426513672
2001-02-21,79.54270935058594
2001-02-22,79.66301727294922
2001-02-23,79.12481689453125
2001-02-26,80.80908203125
2001-02-27,80.06195068359375
2001-02-28,78.48528289794922
2001-03-01,78.89680480957031
2001-03-02,78.26997375488281
2001-03-05,78.98551177978516
2001-03-06,79.83397674560547
2001-03-07,80.40385437011719
2001-03-08,80.49249267578125
2001-03-09,78.11167907714844
2001-03-12,74.76835632324219
2001-03-13,75.99674987792969
2001-03-14,74.49607849121094
2001-03-15,74.51506805419922
2001-03-16,73.0205307006836
2001-03-19,74.50618743896484
2001-03-20,72.5062484741211
2001-03-21,71.27449798583984
2001-03-22,70.55075073242188
2001-03-23,72.68400573730469
2001-03-26,73.61101531982422
2001-03-27,75.11567687988281
2001-03-28,73.03955841064453
2001-03-29,73.31893157958984
2001-03-30,74.08715057373047
2001-04-02,72.5062484741211
2001-04-03,70.08724975585938
2001-04-04,70.37930297851562
2001-04-05,73.0459213256836
2001-04-06,71.93482971191406
2001-04-09,72.73480987548828
2001-04-10,74.06172943115234
2001-04-11,74.11256408691406
2001-04-12,75.45854949951172
2001-04-16,74.66490173339844
2001-04-17,75.71886444091797
2001-04-18,78.72831726074219
2001-04-19,79.77591705322266
2001-04-20,79.0457534790039
2001-04-23,77.61088562011719
2001-04-24,77.19184875488281
2001-04-25,78.20135498046875
2001-04-26,78.5505599975586
2001-04-27,79.85845947265625
2001-04-30,80.41715240478516
2001-05-01,80.66476440429688
2001-05-02,80.51873779296875
2001-05-03,79.49657440185547
2001-05-04,80.84889221191406
2001-05-07,80.1505126953125
2001-05-08,80.1124267578125
2001-05-09,79.77591705322266
2001-05-10,80.01085662841797
2001-05-11,79.45848083496094
2001-05-14,79.6171875
2001-05-15,79.98545837402344
2001-05-16,81.8711166381836
2001-05-17,81.9980697631836
2001-05-18,82.3727035522461
2001-05-21,83.58534240722656
2001-05-22,83.47743225097656
2001-05-23,82.06155395507812
2001-05-24,82.30286407470703
2001-05-25,81.33145141601562
2001-05-29,80.68383026123047
2001-05-30,79.55369567871094
2001-05-31,79.96636962890625
2001-06-01,80.46160888671875
2001-06-04,80.84889221191406
2001-06-05,81.77591705322266
2001-06-06,81.09651947021484
2001-06-07,81.38856506347656
2001-06-08,80.633056640625
2001-06-11,80.06159973144531
2001-06-12,79.9219741821289
2001-06-13,79.23623657226562
2001-06-14,77.45851135253906
2001-06-15,77.58333587646484
2001-06-18,77.20764923095703
2001-06-19,77.54508972167969
2001-06-20,77.95259094238281
2001-06-21,78.83766174316406
2001-06-22,78.22003173828125
2001-06-25,77.50053405761719
2001-06-26,77.39231872558594
2001-06-27,77.34770965576172
2001-06-28,77.7743148803711
2001-06-29,78.06083679199219
2001-07-02,79.0350112915039
2001-07-03,79.01593017578125
2001-07-05,77.47506713867188
2001-07-06,75.80048370361328
2001-07-09,76.21438598632812
2001-07-10,75.2975082397461
2001-07-11,75.37393188476562
2001-07-12,77.1630630493164
2001-07-13,77.83167266845703
2001-07-16,76.85746002197266
2001-07-17,77.57695770263672
2001-07-18,77.04849243164062
2001-07-19,77.72335052490234
2001-07-20,77.25858306884766
2001-07-23,75.7368392944336
2001-07-24,75.00464630126953
2001-07-25,75.83235931396484
2001-07-26,76.62821960449219
2001-07-27,76.92112731933594
2001-07-30,76.94657135009766
2001-07-31,77.26492309570312
2001-08-01,77.74883270263672
2001-08-02,78.06719970703125
2001-08-03,77.640625
2001-08-06,76.59639739990234
2001-08-07,76.89566040039062
2001-08-08,75.46942901611328
2001-08-09,75.69225311279297
2001-08-10,75.95331573486328
2001-08-13,75.97239685058594
2001-08-14,75.94058227539062
2001-08-15,75.28478240966797
2001-08-16,75.54582977294922
2001-08-17,74.33607482910156
2001-08-20,75.02372741699219
2001-08-21,73.74390411376953
2001-08-22,74.50798034667969
2001-08-23,74.24055480957031
2001-08-24,75.78140258789062
2001-08-27,75.3293228149414
2001-08-28,74.22786712646484
2001-08-29,73.56566619873047
2001-08-30,72.15213012695312
2001-08-31,72.68060302734375
2001-09-04,72.21585083007812
2001-09-05,72.39410400390625
2001-09-06,70.5285415649414
2001-09-07,69.2232894897461
2001-09-10,70.07010650634766
2001-09-17,66.40900421142578
2001-09-18,66.24983215332031
2001-09-19,64.91277313232422
2001-09-20,62.84980773925781
2001-09-21,62.171695709228516
2001-09-24,64.35743713378906
2001-09-25,65.02847290039062
2001-09-26,64.79841613769531
2001-09-27,65.36079406738281
2001-09-28,66.74771881103516
2001-10-01,66.63899230957031
2001-10-02,67.47624206542969
2001-10-03,68.60746765136719
2001-10-04,68.66496276855469
2001-10-05,68.53075408935547
2001-10-08,68.08340454101562
2001-10-09,67.71907806396484
2001-10-10,69.22743225097656
2001-10-11,70.30108642578125
2001-10-12,69.98152160644531
2001-10-15,69.85371398925781
2001-10-16,70.294677734375
2001-10-17,68.7991714477539
2001-10-18,68.65223693847656
2001-10-19,68.60746765136719
2001-10-22,69.96236419677734
2001-10-23,69.6044692993164
2001-10-24,69.41913604736328
2001-10-25,70.66535949707031
2001-10-26,70.5055923461914
2001-10-29,68.67137908935547
2001-10-30,67.8469009399414
2001-10-31,67.61688232421875
2001-11-01,69.34880065917969
2001-11-02,69.82173919677734
2001-11-05,70.73568725585938
2001-11-06,71.83489990234375
2001-11-07,71.73906707763672
2001-11-08,71.96273040771484
2001-11-09,72.03942108154297
2001-11-12,71.59847259521484
2001-11-13,73.20894622802734
2001-11-14,73.27925872802734
2001-11-15,73.41349029541016
2001-11-16,73.08755493164062
2001-11-19,73.98871612548828
2001-11-20,73.3687515258789
2001-11-21,72.88304138183594
2001-11-23,73.9311294555664
2001-11-26,74.0909194946289
2001-11-27,73.77136993408203
2001-11-28,72.43566131591797
2001-11-29,73.41349029541016
2001-11-30,72.88941955566406
2001-12-03,72.45482635498047
2001-12-04,73.68191528320312
2001-12-05,75.03040313720703
2001-12-06,74.99208068847656
2001-12-07,74.49356079101562
2001-12-10,73.10031127929688
2001-12-11,72.95331573486328
2001-12-12,73.03645324707031
2001-12-13,71.61766815185547
2001-12-14,72.30148315429688
2001-12-17,73.0491943359375
2001-12-18,73.48380279541016
2001-12-19,74.00147247314453
2001-12-20,73.27288055419922
2001-12-21,73.7173080444336
2001-12-24,73.57624053955078
2001-12-26,73.9802474975586
2001-12-27,74.4291763305664
2001-12-28,74.39065551757812
2001-12-31,73.30050659179688
2002-01-02,74.08926391601562
2002-01-03,74.9293212890625
2002-01-04,75.42955780029297
2002-01-07,74.89727020263672
2002-01-08,74.72415924072266
2002-01-09,74.11492919921875
2002-01-10,74.44196319580078
2002-01-11,73.71089172363281
2002-01-14,73.24916076660156
2002-01-15,73.84559631347656
2002-01-16,72.35134887695312
2002-01-17,72.89643859863281
2002-01-18,72.56297302246094
2002-01-22,72.06275939941406
2002-01-23,72.61427307128906
2002-01-24,72.83873748779297
2002-01-25,72.81951141357422
2002-01-28,73.0182876586914
2002-01-29,70.722412109375
2002-01-30,71.7420883178711
2002-01-31,72.58219909667969
2002-02-01,72.24231719970703
2002-02-04,70.44668579101562
2002-02-05,70.0105972290039
2002-02-06,69.70919799804688
2002-02-07,69.27312469482422
2002-02-08,70.60057830810547
2002-02-11,71.46636199951172
2002-02-12,71.24188232421875
2002-02-13,71.99861145019531
2002-02-14,71.86395263671875
2002-02-15,71.1136703491211
2002-02-19,69.74765014648438
2002-02-20,70.92127227783203
2002-02-21,69.45268249511719
2002-02-22,70.31200408935547
2002-02-25,71.47279357910156
2002-02-26,71.32524871826172
2002-02-27,71.6010513305664
2002-02-28,71.2803726196289
2002-03-01,72.94136810302734
2002-03-04,74.2303466796875
2002-03-05,73.99308013916016
2002-03-06,74.87165069580078
2002-03-07,74.71134185791016
2002-03-08,75.02558898925781
2002-03-11,75.1859130859375
2002-03-12,75.14102935791016
2002-03-13,74.41631317138672
2002-03-14,74.31371307373047
2002-03-15,75.02180480957031
2002-03-18,75.0346908569336
2002-03-19,75.53629302978516
2002-03-20,74.1150131225586
2002-03-21,74.14714813232422
2002-03-22,73.98637390136719
2002-03-25,73.06668090820312
2002-03-26,73.49113464355469
2002-03-27,73.68408203125
2002-03-28,73.65194702148438
2002-04-01,73.68408203125
2002-04-02,73.2789306640625
2002-04-03,72.76437377929688
2002-04-04,72.4621353149414
2002-04-05,72.47500610351562
2002-04-08,72.62934112548828
2002-04-09,72.12124633789062
2002-04-10,72.93804931640625
2002-04-11,71.12440490722656
2002-04-12,71.65821075439453
2002-04-15,71.11153411865234
2002-04-16,72.802978515625
2002-04-17,72.64862823486328
2002-04-18,72.33348083496094
2002-04-19,72.59717559814453
2002-04-22,71.3880844116211
2002-04-23,71.07939147949219
2002-04-24,70.36552429199219
2002-04-25,70.40409088134766
2002-04-26,69.06636810302734
2002-04-29,68.72552490234375
2002-04-30,69.36863708496094
2002-05-01,70.2175521850586
2002-05-02,69.94743347167969
2002-05-03,69.18856048583984
2002-05-06,67.83154296875
2002-05-07,67.59358978271484
2002-05-08,70.10822296142578
2002-05-09,69.29790496826172
2002-05-10,67.9922866821289
2002-05-13,69.37508392333984
2002-05-14,70.88642883300781
2002-05-15,70.60987854003906
2002-05-16,70.97648620605469
2002-05-17,71.32378387451172
2002-05-20,70.552001953125
2002-05-21,69.90887451171875
2002-05-22,70.06327056884766
2002-05-23,70.80928039550781
2002-05-24,69.90243530273438
2002-05-28,69.5230484008789
2002-05-29,69.00850677490234
2002-05-30,68.81555938720703
2002-05-31,68.95706939697266
2002-06-03,67.1241226196289
2002-06-04,67.29129791259766
2002-06-05,67.92159271240234
2002-06-06,66.538818359375
2002-06-07,66.46167755126953
2002-06-10,66.71895599365234
2002-06-11,65.57415771484375
2002-06-12,65.97288513183594
2002-06-13,65.31047058105469
2002-06-14,65.21398162841797
2002-06-17,66.96331787109375
2002-06-18,67.50997161865234
2002-06-19,65.93434143066406
2002-06-20,65.09181213378906
2002-06-21,64.0739974975586
2002-06-24,64.40962219238281
2002-06-25,62.963951110839844
2002-06-26,63.06721496582031
2002-06-27,64.17081451416016
2002-06-28,63.867488861083984
2002-07-01,62.621891021728516
2002-07-02,61.292415618896484
2002-07-03,61.640865325927734
2002-07-05,64.09339141845703
2002-07-08,63.29311752319336
2002-07-09,61.69900894165039
2002-07-10,59.45306396484375
2002-07-11,59.93710708618164
2002-07-12,59.27880859375
2002-07-15,59.59505081176758
2002-07-16,58.44624710083008
2002-07-17,58.56241989135742
2002-07-18,56.66498565673828
2002-07-19,54.67071533203125
2002-07-22,53.05079650878906
2002-07-23,51.59866714477539
2002-07-24,54.67717361450195
2002-07-25,54.21250915527344
2002-07-26,55.2451286315918
2002-07-29,57.936378479003906
2002-07-30,58.69147491455078
2002-07-31,58.83347702026367
2002-08-01,57.297447204589844
2002-08-02,56.013118743896484
2002-08-05,54.064048767089844
2002-08-06,55.884063720703125
2002-08-07,56.85859680175781
2002-08-08,58.69792938232422
2002-08-09,58.917388916015625
2002-08-12,58.48495864868164
2002-08-13,57.42007827758789
2002-08-14,59.51757049560547
2002-08-15,60.34368133544922
2002-08-16,60.16297149658203
2002-08-19,61.56991195678711
2002-08-20,60.9181022644043
2002-08-21,61.79576873779297
2002-08-22,62.395999908447266
2002-08-23,61.05360412597656
2002-08-26,61.47956848144531
2002-08-27,60.76961898803711
2002-08-28,59.44011688232422
2002-08-29,59.4659538269043
2002-08-30,59.23361587524414
2002-09-03,56.9747314453125
2002-09-04,57.787933349609375
2002-09-05,57.297447204589844
2002-09-06,58.08481216430664
2002-09-09,58.51079559326172
2002-09-10,59.181983947753906
2002-09-11,58.8140869140625
2002-09-12,57.7298469543457
2002-09-13,57.871849060058594
2002-09-16,58.0137939453125
2002-09-17,56.68434524536133
2002-09-18,56.11640167236328
2002-09-19,54.664283752441406
2002-09-20,54.682430267333984
2002-09-23,54.23512649536133
2002-09-24,53.35993957519531
2002-09-25,54.682430267333984
2002-09-26,55.577049255371094
2002-09-27,53.64518737792969
2002-09-30,53.0228271484375
2002-10-01,55.5705451965332
2002-10-02,53.90450668334961
2002-10-03,53.35993957519531
2002-10-04,52.381046295166016
2002-10-07,51.29841232299805
2002-10-08,52.10228729248047
2002-10-09,50.63066101074219
2002-10-10,52.270843505859375
2002-10-11,54.55924606323242
2002-10-14,54.86395263671875
2002-10-15,57.50245666503906
2002-10-16,56.108665466308594
2002-10-17,57.22370910644531
2002-10-18,57.46352767944336
2002-10-21,58.45542526245117
2002-10-22,58.034027099609375
2002-10-23,58.47486877441406
2002-10-24,57.28203201293945
2002-10-25,58.47486877441406
2002-10-28,58.09236526489258
2002-10-29,57.41815185546875
2002-10-30,57.975711822509766
2002-10-31,57.3857307434082
2002-11-01,58.52021789550781
2002-11-04,59.077735900878906
2002-11-05,59.544532775878906
2002-11-06,60.3160285949707
2002-11-07,58.83793258666992
2002-11-08,58.118316650390625
2002-11-11,57.21721267700195
2002-11-12,57.6710090637207
2002-11-13,57.729373931884766
2002-11-14,58.81847381591797
2002-11-15,59.25279235839844
2002-11-18,58.65639114379883
2002-11-19,58.57857894897461
2002-11-20,59.881622314453125
2002-11-21,60.99668502807617
2002-11-22,60.562347412109375
2002-11-25,60.60121536254883
2002-11-26,59.44729232788086
2002-11-27,61.1198616027832
2002-11-29,60.925357818603516
2002-12-02,61.02262878417969
2002-12-03,60.20579147338867
2002-12-04,59.93349075317383
2002-12-05,59.2722282409668
2002-12-06,59.661224365234375
2002-12-09,58.02106475830078
2002-12-10,58.799007415771484
2002-12-11,58.850868225097656
2002-12-12,58.844364166259766
2002-12-13,57.917327880859375
2002-12-16,59.414878845214844
2002-12-17,58.89621353149414
2002-12-18,58.21554946899414
2002-12-19,57.80066680908203
2002-12-20,58.62539291381836
2002-12-23,58.644954681396484
2002-12-24,58.2085075378418
2002-12-26,58.23451614379883
2002-12-27,56.92508316040039
2002-12-30,57.40065383911133
2002-12-31,57.47883224487305
2003-01-02,59.32901382446289
2003-01-03,59.51141357421875
2003-01-06,60.56024932861328
2003-01-07,60.410430908203125
2003-01-08,59.53746032714844
2003-01-09,60.46255111694336
2003-01-10,60.62541198730469
2003-01-13,60.605865478515625
2003-01-14,60.80129623413086
2003-01-15,60.1954460144043
2003-01-16,59.9478759765625
2003-01-17,59.06189727783203
2003-01-21,58.14334487915039
2003-01-22,57.439727783203125
2003-01-23,57.79153823852539
2003-01-24,56.27362823486328
2003-01-27,55.50489044189453
2003-01-28,55.91530227661133
2003-01-29,56.338768005371094
2003-01-30,55.003265380859375
2003-01-31,56.06515884399414
2003-02-03,56.17591094970703
2003-02-04,55.622169494628906
2003-02-05,55.27688217163086
2003-02-06,55.01627731323242
2003-02-07,54.34531021118164
2003-02-10,54.72966384887695
2003-02-11,54.3517951965332
2003-02-12,53.48535919189453
2003-02-13,53.64820098876953
2003-02-14,54.82086181640625
2003-02-18,55.78502655029297
2003-02-19,55.491859436035156
2003-02-20,54.938140869140625
2003-02-21,55.491859436035156
2003-02-24,54.59280776977539
2003-02-25,55.029335021972656
2003-02-26,54.22800064086914
2003-02-27,54.94462203979492
2003-02-28,55.30946731567383
2003-03-03,54.78175735473633
2003-03-04,53.90879440307617
2003-03-05,54.36482238769531
2003-03-06,53.90879440307617
2003-03-07,54.28013229370117
2003-03-10,52.97719192504883
2003-03-11,52.4560432434082
2003-03-12,52.80781555175781
2003-03-13,54.63189697265625
2003-03-14,54.80781936645508
2003-03-17,56.53419494628906
2003-03-18,56.86647415161133
2003-03-19,57.30295944213867
2003-03-20,57.426692962646484
2003-03-21,58.65248489379883
2003-03-24,56.70328140258789
2003-03-25,57.24619674682617
2003-03-26,56.9583625793457
2003-03-27,57.0041618347168
2003-03-28,56.71635818481445
2003-03-31,55.42781448364258
2003-04-01,56.27813720703125
2003-04-02,57.63862991333008
2003-04-03,57.36391067504883
2003-04-04,57.70405578613281
2003-04-07,57.59284973144531
2003-04-08,57.684425354003906
2003-04-09,56.92566680908203
2003-04-10,57.23966979980469
2003-04-11,57.0041618347168
2003-04-14,58.181522369384766
2003-04-15,58.72439956665039
2003-04-16,57.72367858886719
2003-04-17,58.580528259277344
2003-04-21,58.6393928527832
2003-04-22,59.74483108520508
2003-04-23,60.294254302978516
2003-04-24,59.75787353515625
2003-04-25,59.01877212524414
2003-04-28,60.03916931152344
2003-04-29,60.248470306396484
2003-04-30,60.11765670776367
2003-05-01,60.1110954284668
2003-05-02,60.96797180175781
2003-05-05,60.85020065307617
2003-05-06,61.42583465576172
2003-05-07,61.08570098876953
2003-05-08,60.47087097167969
2003-05-09,61.30813217163086
2003-05-12,62.060279846191406
2003-05-13,61.94911193847656
2003-05-14,61.81827163696289
2003-05-15,62.21076202392578
2003-05-16,62.05375289916992
2003-05-19,60.601680755615234
2003-05-20,60.4774055480957
2003-05-21,60.601680755615234
2003-05-22,61.20341873168945
2003-05-23,61.327735900878906
2003-05-27,62.400413513183594
2003-05-28,62.57701110839844
2003-05-29,62.41354751586914
2003-05-30,63.41427230834961
2003-06-02,63.67593002319336
2003-06-03,63.93754959106445
2003-06-04,64.85984802246094
2003-06-05,65.18037414550781
2003-06-06,64.92521667480469
2003-06-09,64.2646255493164
2003-06-10,64.91868591308594
2003-06-11,65.60549926757812
2003-06-12,65.8082504272461
2003-06-13,65.12149047851562
2003-06-16,66.49505615234375
2003-06-17,66.49505615234375
2003-06-18,66.43617248535156
2003-06-19,65.4223403930664
2003-06-20,65.2779312133789
2003-06-23,64.60833740234375
2003-06-24,64.6739730834961
2003-06-25,64.02409362792969
2003-06-26,64.85777282714844
2003-06-27,64.10943603515625
2003-06-30,64.0897216796875
2003-07-01,64.6805419921875
2003-07-02,65.4945297241211
2003-07-03,64.8183822631836
2003-07-07,66.10506439208984
2003-07-08,66.40048217773438
2003-07-09,66.02628326416016
2003-07-10,65.18602752685547
2003-07-11,65.80308532714844
2003-07-14,66.12474822998047
2003-07-15,65.98031616210938
2003-07-16,65.59306335449219
2003-07-17,64.6608657836914
2003-07-18,65.3238754272461
2003-07-21,64.51642608642578
2003-07-22,65.1006851196289
2003-07-23,65.14665985107422
2003-07-24,64.654296875
2003-07-25,65.79651641845703
2003-07-28,65.55362701416016
2003-07-29,65.25166320800781
2003-07-30,65.09410095214844
2003-07-31,65.24512481689453
2003-08-01,64.66741180419922
2003-08-04,64.66741180419922
2003-08-05,63.295433044433594
2003-08-06,63.66305160522461
2003-08-07,64.33263397216797
2003-08-08,64.51642608642578
2003-08-11,64.75930786132812
2003-08-12,65.35013580322266
2003-08-13,65.01533508300781
2003-08-14,65.19258880615234
2003-08-15,65.39608764648438
2003-08-18,65.96060943603516
2003-08-19,66.21009063720703
2003-08-20,65.94093322753906
2003-08-21,66.1510009765625
2003-08-22,65.4945297241211
2003-08-25,65.59957122802734
2003-08-26,65.71776580810547
2003-08-27,65.73745727539062
2003-08-28,66.14443969726562
2003-08-29,66.5908432006836
2003-09-02,67.48358154296875
2003-09-03,67.85121154785156
2003-09-04,67.8840560913086
2003-09-05,67.50330352783203
2003-09-08,68.06127166748047
2003-09-09,67.6148910522461
2003-09-10,66.93218231201172
2003-09-11,67.12914276123047
2003-09-12,67.25383758544922
2003-09-15,67.01751708984375
2003-09-16,67.99565887451172
2003-09-17,67.86433410644531
2003-09-18,68.66524505615234
2003-09-19,68.31596374511719
2003-09-22,67.57793426513672
2003-09-23,67.83491516113281
2003-09-24,66.62897491455078
2003-09-25,66.08206176757812
2003-09-26,65.86459350585938
2003-09-29,66.51038360595703
2003-09-30,65.86459350585938
2003-10-01,67.2682113647461
2003-10-02,67.51203155517578
2003-10-03,68.1314468383789
2003-10-06,68.4411849975586
2003-10-07,68.70475769042969
2003-10-08,68.5334701538086
2003-10-09,68.71794128417969
2003-10-10,68.90902709960938
2003-10-13,69.12651062011719
2003-10-14,69.37032318115234
2003-10-15,69.18582153320312
2003-10-16,69.46260070800781
2003-10-17,68.70475769042969
2003-10-20,69.21875762939453
2003-10-21,69.10014343261719
2003-10-22,68.23027801513672
2003-10-23,68.10507202148438
2003-10-24,68.25666046142578
2003-10-27,68.28963470458984
2003-10-28,69.21875762939453
2003-10-29,69.3110122680664
2003-10-30,69.45601654052734
2003-10-31,69.3901138305664
2003-11-03,69.84479522705078
2003-11-04,69.6932373046875
2003-11-05,69.74596405029297
2003-11-06,70.1149673461914
2003-11-07,69.5943832397461
2003-11-10,69.3110122680664
2003-11-11,69.29125213623047
2003-11-12,70.06884765625
2003-11-13,70.08863067626953
2003-11-14,69.49552154541016
2003-11-17,69.14630889892578
2003-11-18,68.42801666259766
2003-11-19,69.00788879394531
2003-11-20,68.38846588134766
2003-11-21,68.67182159423828
2003-11-24,69.5811996459961
2003-11-25,69.84479522705078
2003-11-26,70.09520721435547
2003-11-28,70.14794158935547
2003-12-01,70.90575408935547
2003-12-02,70.72783660888672
2003-12-03,70.61579132080078
2003-12-04,70.90575408935547
2003-12-05,70.41152954101562
2003-12-08,70.88597869873047
2003-12-09,70.3390121459961
2003-12-10,70.33242797851562
2003-12-11,71.12320709228516
2003-12-12,71.26158905029297
2003-12-15,70.90575408935547
2003-12-16,71.2748031616211
2003-12-17,71.49881744384766
2003-12-18,72.30280303955078
2003-12-19,72.10150146484375
2003-12-22,72.60466766357422
2003-12-23,72.6510238647461
2003-12-24,72.5782241821289
2003-12-26,72.63117218017578
2003-12-29,73.59781646728516
2003-12-30,73.61103820800781
2003-12-31,73.67725372314453
2004-01-02,73.6441879272461
2004-01-05,74.4452896118164
2004-01-06,74.51813507080078
2004-01-07,74.76974487304688
2004-01-08,75.06765747070312
2004-01-09,74.41219329833984
2004-01-12,74.96171569824219
2004-01-13,74.52471923828125
2004-01-14,75.14707946777344
2004-01-15,75.33251190185547
2004-01-16,75.63044738769531
2004-01-20,75.61055755615234
2004-01-21,76.20646667480469
2004-01-22,76.00782775878906
2004-01-23,75.76286315917969
2004-01-26,76.71624755859375
2004-01-27,75.92835235595703
2004-01-28,75.06104278564453
2004-01-29,75.1338882446289
2004-01-30,75.1338882446289
2004-02-02,75.45832061767578
2004-02-03,75.33251190185547
2004-02-04,74.71676635742188
2004-02-05,74.93523406982422
2004-02-06,75.77609252929688
2004-02-09,75.79592895507812
2004-02-10,76.04094696044922
2004-02-11,76.84867858886719
2004-02-12,76.57062530517578
2004-02-13,76.22630310058594
2004-02-17,76.9149169921875
2004-02-18,76.57721710205078
2004-02-19,76.29254150390625
2004-02-20,76.06079864501953
2004-02-23,75.86882781982422
2004-02-24,75.73637390136719
2004-02-25,76.05416870117188
2004-02-26,76.10053253173828
2004-02-27,76.15349578857422
2004-03-01,76.90827941894531
2004-03-02,76.45805358886719
2004-03-03,76.59706115722656
2004-03-04,76.79572296142578
2004-03-05,77.05391693115234
2004-03-08,76.11376190185547
2004-03-09,75.80921173095703
2004-03-10,74.5379638671875
2004-03-11,73.57133483886719
2004-03-12,74.5379638671875
2004-03-15,73.62429809570312
2004-03-16,74.01493072509766
2004-03-17,74.8425521850586
2004-03-18,74.86238098144531
2004-03-19,73.78941345214844
2004-03-22,72.85253143310547
2004-03-23,72.72632598876953
2004-03-24,72.78614807128906
2004-03-25,73.74951934814453
2004-03-26,73.7695083618164
2004-03-29,74.805908203125
2004-03-30,75.05843353271484
2004-03-31,75.14479064941406
2004-04-01,75.59659576416016
2004-04-02,76.1679916381836
2004-04-05,76.58655548095703
2004-04-06,76.3407211303711
2004-04-07,76.16133117675781
2004-04-08,75.98857879638672
2004-04-12,76.28756713867188
2004-04-13,75.21786499023438
2004-04-14,75.3375015258789
2004-04-15,75.0517578125
2004-04-16,75.62981414794922
2004-04-19,75.62981414794922
2004-04-20,74.36083984375
2004-04-21,74.85909271240234
2004-04-22,75.90886688232422
2004-04-23,75.9819564819336
2004-04-26,75.87561798095703
2004-04-27,75.94208526611328
2004-04-28,74.95875549316406
2004-04-29,74.30101013183594
2004-04-30,73.72293090820312
2004-05-03,74.51358795166016
2004-05-04,74.45381927490234
2004-05-05,74.93216705322266
2004-05-06,74.28770446777344
2004-05-07,73.05854797363281
2004-05-10,72.30775451660156
2004-05-11,72.91900634765625
2004-05-12,73.38408660888672
2004-05-13,73.07846069335938
2004-05-14,73.1117172241211
2004-05-17,72.48716735839844
2004-05-18,72.85253143310547
2004-05-19,72.60009002685547
2004-05-20,72.83264923095703
2004-05-21,72.95889282226562
2004-05-24,73.26451110839844
2004-05-25,74.31426239013672
2004-05-26,74.57341003417969
2004-05-27,74.99198150634766
2004-05-28,74.9853286743164
2004-06-01,74.88565063476562
2004-06-02,75.16468811035156
2004-06-03,74.47376251220703
2004-06-04,75.06505584716797
2004-06-07,76.2078628540039
2004-06-08,76.31412506103516
2004-06-09,75.60323333740234
2004-06-10,75.97529602050781
2004-06-14,75.22450256347656
2004-06-15,75.75602722167969
2004-06-16,75.74276733398438
2004-06-17,75.62981414794922
2004-06-18,75.77251434326172
2004-06-21,75.48577880859375
2004-06-22,75.8658676147461
2004-06-23,76.51936340332031
2004-06-24,76.27931213378906
2004-06-25,75.91253662109375
2004-06-28,75.65245819091797
2004-06-29,75.9659194946289
2004-06-30,76.3726806640625
2004-07-01,75.3124008178711
2004-07-02,75.27239990234375
2004-07-06,74.61222076416016
2004-07-07,74.83226013183594
2004-07-08,74.31214141845703
2004-07-09,74.5055160522461
2004-07-12,74.53886413574219
2004-07-13,74.59222412109375
2004-07-14,74.36547088623047
2004-07-15,73.88536071777344
2004-07-16,73.82532501220703
2004-07-19,73.5119400024414
2004-07-20,74.44548797607422
2004-07-21,73.07180786132812
2004-07-22,73.27186584472656
2004-07-23,72.65840911865234
2004-07-26,72.51836395263672
2004-07-27,73.19851684570312
2004-07-28,73.41858673095703
2004-07-29,73.7320327758789
2004-07-30,73.91203308105469
2004-08-02,74.06539154052734
2004-08-03,73.4919204711914
2004-08-04,73.48522186279297
2004-08-05,72.28495788574219
2004-08-06,71.25135803222656
2004-08-09,71.35138702392578
2004-08-10,72.2716064453125
2004-08-11,72.12493896484375
2004-08-12,71.3380355834961
2004-08-13,71.47808837890625
2004-08-16,72.21824645996094
2004-08-17,72.62504577636719
2004-08-18,73.37190246582031
2004-08-19,73.15849304199219
2004-08-20,73.67198181152344
2004-08-23,73.48522186279297
2004-08-24,73.58528900146484
2004-08-25,74.08540344238281
2004-08-26,74.08540344238281
2004-08-27,74.3188247680664
2004-08-30,73.705322265625
2004-08-31,74.09209442138672
2004-09-01,74.23211669921875
2004-09-02,75.07235717773438
2004-09-03,74.76558685302734
2004-09-07,75.25904083251953
2004-09-08,75.07235717773438
2004-09-09,75.00562286376953
2004-09-10,75.39239501953125
2004-09-13,75.63914489746094
2004-09-14,75.79253387451172
2004-09-15,75.21903991699219
2004-09-16,75.4457778930664
2004-09-17,75.7664794921875
2004-09-20,75.31118774414062
2004-09-21,75.6392822265625
2004-09-22,74.69515228271484
2004-09-23,74.29335021972656
2004-09-24,74.63485717773438
2004-09-27,74.1594467163086
2004-09-28,74.51434326171875
2004-09-29,74.88931274414062
2004-09-30,74.83576202392578
2004-10-01,76.10130310058594
2004-10-04,76.22854614257812
2004-10-05,76.26871490478516
2004-10-06,76.79102325439453
2004-10-07,75.96737670898438
2004-10-08,75.33793640136719
2004-10-11,75.64598083496094
2004-10-12,75.35135650634766
2004-10-13,74.68843078613281
2004-10-14,74.08578491210938
2004-10-15,74.5009536743164
2004-10-18,74.7822036743164
2004-10-19,74.15274047851562
2004-10-20,74.00543212890625
2004-10-21,74.48754119873047
2004-10-22,73.65056610107422
2004-10-25,73.56348419189453
2004-10-26,74.68843078613281
2004-10-27,75.58573150634766
2004-10-28,75.81334686279297
2004-10-29,75.80001068115234
2004-11-01,76.00759887695312
2004-11-02,76.0343246459961
2004-11-03,76.99189758300781
2004-11-04,78.04315948486328
2004-11-05,78.53196716308594
2004-11-08,78.4181900024414
2004-11-09,78.26411437988281
2004-11-10,78.32442474365234
2004-11-11,78.92035675048828
2004-11-12,79.5431137084961
2004-11-15,79.73853302001953
2004-11-16,79.1677017211914
2004-11-17,79.6378173828125
2004-11-18,79.74525451660156
2004-11-19,78.85874938964844
2004-11-22,79.23481750488281
2004-11-23,79.35575866699219
2004-11-24,79.54380798339844
2004-11-26,79.48334503173828
2004-11-29,79.12069702148438
2004-11-30,79.17438507080078
2004-12-01,80.0743408203125
2004-12-02,80.14151763916016
2004-12-03,80.08778381347656
2004-12-06,80.06090545654297
2004-12-07,79.31539916992188
2004-12-08,79.7788314819336
2004-12-09,80.06090545654297
2004-12-10,80.14151763916016
2004-12-13,80.83993530273438
2004-12-14,81.1220474243164
2004-12-15,81.18247985839844
2004-12-16,81.13548278808594
2004-12-17,80.59429931640625
2004-12-20,80.61455535888672
2004-12-21,81.23534393310547
2004-12-22,81.43101501464844
2004-12-23,81.49171447753906
2004-12-27,81.32304382324219
2004-12-28,81.76839447021484
2004-12-29,81.88983154296875
2004-12-30,81.73466491699219
2004-12-31,81.55924987792969
2005-01-03,81.17460632324219
2005-01-04,80.18270111083984
2005-01-05,79.6293716430664
2005-01-06,80.03424072265625
2005-01-07,79.9195327758789
2005-01-10,80.29737854003906
2005-01-11,79.74411010742188
2005-01-12,80.00725555419922
2005-01-13,79.36620330810547
2005-01-14,79.7845687866211
2005-01-18,80.61455535888672
2005-01-19,79.77110290527344
2005-01-20,79.28524780273438
2005-01-21,78.79944610595703
2005-01-24,78.64421081542969
2005-01-25,78.8669204711914
2005-01-26,79.10305786132812
2005-01-27,79.23804473876953
2005-01-28,79.23804473876953
2005-01-31,79.73060607910156
2005-02-01,80.23666381835938
2005-02-02,80.4795913696289
2005-02-03,80.27042388916016
2005-02-04,81.12735748291016
2005-02-07,81.0193862915039
2005-02-08,81.11385345458984
2005-02-09,80.5065689086914
2005-02-10,80.79672241210938
2005-02-11,81.49171447753906
2005-02-14,81.43101501464844
2005-02-15,81.73466491699219
2005-02-16,81.78864288330078
2005-02-17,81.12735748291016
2005-02-18,81.23534393310547
2005-02-22,80.02749633789062
2005-02-23,80.60106658935547
2005-02-24,81.1341323852539
2005-02-25,81.9371109008789
2005-02-28,81.39728546142578
2005-03-01,81.80215454101562
2005-03-02,81.76165771484375
2005-03-03,81.79540252685547
2005-03-04,82.81427001953125
2005-03-07,82.85478973388672
2005-03-08,82.54437255859375
2005-03-09,81.62667083740234
2005-03-10,81.80885314941406
2005-03-11,81.23534393310547
2005-03-14,81.74136352539062
2005-03-15,81.06661224365234
2005-03-16,80.37838745117188
2005-03-17,80.54031372070312
2005-03-18,80.30120849609375
2005-03-21,80.00312805175781
2005-03-22,79.1902084350586
2005-03-23,79.25798034667969
2005-03-24,79.35279846191406
2005-03-28,79.46797943115234
2005-03-29,78.93955993652344
2005-03-30,80.05734252929688
2005-03-31,79.9083023071289
2005-04-01,79.54928588867188
2005-04-04,79.68476867675781
2005-04-05,80.0640869140625
2005-04-06,80.34184265136719
2005-04-07,80.77535247802734
2005-04-08,79.93539428710938
2005-04-11,79.996337890625
2005-04-12,80.40958404541016
2005-04-13,79.46119689941406
2005-04-14,78.42474365234375
2005-04-15,77.32733917236328
2005-04-18,77.56440734863281
2005-04-19,78.18087768554688
2005-04-20,77.09021759033203
2005-04-21,78.58732604980469
2005-04-22,78.28926849365234
2005-04-25,78.80412292480469
2005-04-26,78.03857421875
2005-04-27,78.34342956542969
2005-04-28,77.36116027832031
2005-04-29,78.41118621826172
2005-05-02,78.85152435302734
2005-05-03,78.98700714111328
2005-05-04,79.59666442871094
2005-05-05,79.56958770751953
2005-05-06,79.31890106201172
2005-05-09,79.8134765625
2005-05-10,78.98700714111328
2005-05-11,79.4205551147461
2005-05-12,78.54666137695312
2005-05-13,78.39087677001953
2005-05-16,79.12251281738281
2005-05-17,79.65089416503906
2005-05-18,80.47053527832031
2005-05-19,80.8092269897461
2005-05-20,80.694091796875
2005-05-23,81.1412124633789
2005-05-24,80.95149230957031
2005-05-25,80.89054870605469
2005-05-26,81.32408905029297
2005-05-27,81.4595947265625
2005-05-31,80.93797302246094
2005-06-01,81.62893676757812
2005-06-02,81.80504608154297
2005-06-03,81.3918228149414
2005-06-06,81.31731414794922
2005-06-07,81.37825775146484
2005-06-08,81.22925567626953
2005-06-09,81.61540985107422
2005-06-10,81.42571258544922
2005-06-13,81.68314361572266
2005-06-14,81.8728256225586
2005-06-15,82.02861785888672
2005-06-16,82.23858642578125
2005-06-17,82.54331970214844
2005-06-20,82.57050323486328
2005-06-21,82.61815643310547
2005-06-22,82.68610382080078
2005-06-23,81.5230941772461
2005-06-24,80.92453002929688
2005-06-27,81.04015350341797
2005-06-28,81.72032928466797
2005-06-29,81.50269317626953
2005-06-30,81.06055450439453
2005-07-01,81.29863739013672
2005-07-05,81.95159149169922
2005-07-06,81.26465606689453
2005-07-07,81.58428955078125
2005-07-08,82.51612854003906
2005-07-11,82.93780517578125
2005-07-12,83.15547180175781
2005-07-13,83.27107238769531
2005-07-14,83.59752655029297
2005-07-15,83.54993438720703
2005-07-18,83.21666717529297
2005-07-19,83.67237091064453
2005-07-20,83.9580307006836
2005-07-21,83.46833038330078
2005-07-22,84.02606201171875
2005-07-25,83.78800964355469
2005-07-26,83.89002990722656
2005-07-27,84.19609069824219
2005-07-28,84.72661590576172
2005-07-29,84.16207122802734
2005-08-01,84.10084533691406
2005-08-02,84.60419464111328
2005-08-03,84.82865142822266
2005-08-04,84.14849090576172
2005-08-05,83.57713317871094
2005-08-08,83.42071533203125
2005-08-09,83.9240493774414
2005-08-10,83.88322448730469
2005-08-11,84.21649169921875
2005-08-12,83.69957733154297
2005-08-15,84.21649169921875
2005-08-16,83.1214599609375
2005-08-17,83.1146469116211
2005-08-18,83.10783386230469
2005-08-19,83.29827117919922
2005-08-22,83.29827117919922
2005-08-23,83.14186096191406
2005-08-24,82.4004898071289
2005-08-25,82.69975280761719
2005-08-26,82.13521575927734
2005-08-29,82.76776885986328
2005-08-30,82.33248901367188
2005-08-31,83.37310028076172
2005-09-01,83.31187438964844
2005-09-02,83.1622314453125
2005-09-06,84.1348648071289
2005-09-07,84.27771759033203
2005-09-08,83.99886322021484
2005-09-09,84.74698638916016
2005-09-12,84.57698822021484
2005-09-13,84.10767364501953
2005-09-14,83.8016128540039
2005-09-15,83.76079559326172
2005-09-16,84.3564224243164
2005-09-19,84.07635498046875
2005-09-20,83.3659896850586
2005-09-21,82.58731842041016
2005-09-22,82.88101959228516
2005-09-23,82.94930267333984
2005-09-26,83.04495239257812
2005-09-27,83.02444458007812
2005-09-28,83.1064453125
2005-09-29,83.78265380859375
2005-09-30,84.04219818115234
2005-10-03,83.7416763305664
2005-10-04,82.79907989501953
2005-10-05,81.71304321289062
2005-10-06,81.41930389404297
2005-10-07,81.69934844970703
2005-10-10,81.00949096679688
2005-10-11,80.89335632324219
2005-10-12,80.25814056396484
2005-10-13,80.2103271484375
2005-10-14,81.05729675292969
2005-10-17,81.35784149169922
2005-10-18,80.47671508789062
2005-10-19,81.81549072265625
2005-10-20,80.37423706054688
2005-10-21,80.6884536743164
2005-10-24,81.93843078613281
2005-10-25,81.77446746826172
2005-10-26,81.5354232788086
2005-10-27,80.66795349121094
2005-10-28,81.8291244506836
2005-10-31,82.0545425415039
2005-11-01,82.30044555664062
2005-11-02,83.16108703613281
2005-11-03,83.51627349853516
2005-11-04,83.40697479248047
2005-11-07,83.48892974853516
2005-11-08,83.48892974853516
2005-11-09,83.59823608398438
2005-11-10,84.24712371826172
2005-11-11,84.53402709960938
2005-11-14,84.4862060546875
2005-11-15,84.1788330078125
2005-11-16,84.34955596923828
2005-11-17,85.13504791259766
2005-11-18,85.46978759765625
2005-11-21,85.90010070800781
2005-11-22,86.26895141601562
2005-11-23,86.76756286621094
2005-11-25,86.83586883544922
2005-11-28,86.22113037109375
2005-11-29,86.12547302246094
2005-11-30,85.66104125976562
2005-12-01,86.53533172607422
2005-12-02,86.64463806152344
2005-12-05,86.46018981933594
2005-12-06,86.62413024902344
2005-12-07,86.11865234375
2005-12-08,86.06401824951172
2005-12-09,86.2894287109375
2005-12-12,86.37139129638672
2005-12-13,86.95882415771484
2005-12-14,87.30033874511719
2005-12-15,87.0476303100586
2005-12-16,86.76739501953125
2005-12-19,86.32112121582031
2005-12-20,86.40351104736328
2005-12-21,86.54084777832031
2005-12-22,86.9940414428711
2005-12-23,87.04209899902344
2005-12-27,86.15631866455078
2005-12-28,86.34856414794922
2005-12-29,85.9640884399414
2005-12-30,85.49708557128906
2006-01-03,87.00096130371094
2006-01-04,87.41291046142578
2006-01-05,87.46784973144531
2006-01-06,88.19573211669922
2006-01-09,88.42229461669922
2006-01-10,88.51161193847656
2006-01-11,88.79312133789062
2006-01-12,88.44293212890625
2006-01-13,88.36052703857422
2006-01-17,88.12020111083984
2006-01-18,87.77001953125
2006-01-19,88.10643768310547
2006-01-20,86.49966430664062
2006-01-23,86.80863952636719
2006-01-24,86.89791870117188
2006-01-25,86.97345733642578
2006-01-26,87.45413208007812
2006-01-27,88.26438903808594
2006-01-30,88.19573211669922
2006-01-31,87.55024719238281
2006-02-01,88.16141510009766
2006-02-02,87.13827514648438
2006-02-03,86.70564270019531
2006-02-06,86.93226623535156
2006-02-07,86.16319274902344
2006-02-08,86.94596862792969
2006-02-09,86.80176544189453
2006-02-10,86.9597396850586
2006-02-13,86.80176544189453
2006-02-14,87.7219467163086
2006-02-15,88.03092193603516
2006-02-16,88.69013977050781
2006-02-17,88.44979858398438
2006-02-21,88.23007202148438
2006-02-22,88.76568603515625
2006-02-23,88.63518524169922
2006-02-24,88.86176300048828
2006-02-27,88.89612579345703
2006-02-28,88.051513671875
2006-03-01,88.83428955078125
2006-03-02,88.82748413085938
2006-03-03,88.41547393798828
2006-03-06,88.0103530883789
2006-03-07,87.873046875
2006-03-08,88.05839538574219
2006-03-09,87.46784973144531
2006-03-10,88.29869842529297
2006-03-13,88.46353912353516
2006-03-14,89.39053344726562
2006-03-15,89.78881072998047
2006-03-16,89.97421264648438
2006-03-17,90.04935455322266
2006-03-20,89.90458679199219
2006-03-21,89.3392562866211
2006-03-22,89.88392639160156
2006-03-23,89.69772338867188
2006-03-24,89.76667785644531
2006-03-27,89.63568878173828
2006-03-28,89.08415985107422
2006-03-29,89.64260864257812
2006-03-30,89.4840316772461
2006-03-31,89.50469970703125
2006-04-03,89.43576049804688
2006-04-04,90.00799560546875
2006-04-05,90.31820678710938
2006-04-06,90.22171020507812
2006-04-07,89.3047866821289
2006-04-10,89.44269561767578
2006-04-11,88.68434143066406
2006-04-12,88.84978485107422
2006-04-13,88.73259735107422
2006-04-17,88.69812774658203
2006-04-18,90.10448455810547
2006-04-19,90.27682495117188
2006-04-20,90.40093994140625
2006-04-21,90.41471862792969
2006-04-24,90.24925231933594
2006-04-25,89.87694549560547
2006-04-26,89.8976821899414
2006-04-27,90.33202362060547
2006-04-28,90.63532257080078
2006-05-01,89.8976821899414
2006-05-02,90.57327270507812
2006-05-03,90.23551177978516
2006-05-04,90.55947875976562
2006-05-05,91.35921478271484
2006-05-08,91.24889373779297
2006-05-09,91.42813110351562
2006-05-10,91.37985229492188
2006-05-11,90.27682495117188
2006-05-12,89.09798431396484
2006-05-15,89.27720642089844
2006-05-16,89.14622497558594
2006-05-17,87.4502944946289
2006-05-18,87.00909423828125
2006-05-19,87.62262725830078
2006-05-22,86.9539566040039
2006-05-23,86.29210662841797
2006-05-24,86.98152923583984
2006-05-25,88.05696868896484
2006-05-26,88.5051040649414
2006-05-30,86.9332275390625
2006-05-31,87.90533447265625
2006-06-01,88.74639129638672
2006-06-02,88.9325180053711
2006-06-05,87.63644409179688
2006-06-06,87.42271423339844
2006-06-07,86.76780700683594
2006-06-08,86.69194030761719
2006-06-09,86.41621398925781
2006-06-12,85.47864532470703
2006-06-13,84.48589324951172
2006-06-14,85.14083862304688
2006-06-15,86.9470443725586
2006-06-16,86.31343078613281
2006-06-19,85.63487243652344
2006-06-20,85.92568969726562
2006-06-21,86.5627212524414
2006-06-22,86.18190002441406
2006-06-23,86.16805267333984
2006-06-26,86.54886627197266
2006-06-27,85.80104064941406
2006-06-28,86.3826904296875
2006-06-29,88.12764739990234
2006-06-30,88.13455963134766
2006-07-03,88.49468231201172
2006-07-05,87.9891586303711
2006-07-06,88.2453842163086
2006-07-07,87.67066955566406
2006-07-10,87.8368148803711
2006-07-11,88.22457885742188
2006-07-12,87.28288269042969
2006-07-13,85.86334991455078
2006-07-14,85.53097534179688
2006-07-17,85.4063491821289
2006-07-18,85.84258270263672
2006-07-19,87.03362274169922
2006-07-20,86.4381103515625
2006-07-21,85.82875061035156
2006-07-24,87.3936767578125
2006-07-25,87.70529174804688
2006-07-26,87.822998046875
2006-07-27,87.73988342285156
2006-07-28,88.61930084228516
2006-07-31,88.52926635742188
2006-08-01,88.093017578125
2006-08-02,88.68854522705078
2006-08-03,88.92396545410156
2006-08-04,88.77163696289062
2006-08-07,88.56392669677734
2006-08-08,88.22457885742188
2006-08-09,87.92688751220703
2006-08-10,88.19689178466797
2006-08-11,87.94766235351562
2006-08-14,88.01689910888672
2006-08-15,89.06941986083984
2006-08-16,89.81029510498047
2006-08-17,90.03880310058594
2006-08-18,90.49581146240234
2006-08-21,90.1081314086914
2006-08-22,90.1010971069336
2006-08-23,89.85183715820312
2006-08-24,89.77568817138672
2006-08-25,89.88645935058594
2006-08-28,90.3158187866211
2006-08-29,90.41967010498047
2006-08-30,90.47505950927734
2006-08-31,90.46119689941406
2006-09-01,91.00132751464844
2006-09-05,91.1744384765625
2006-09-06,90.37117004394531
2006-09-07,89.9557113647461
2006-09-08,90.21195220947266
2006-09-11,90.30194854736328
2006-09-12,91.18826293945312
2006-09-13,91.55525207519531
2006-09-14,91.56220245361328
2006-09-15,91.77714538574219
2006-09-18,91.90228271484375
2006-09-19,91.67276000976562
2006-09-20,92.15963745117188
2006-09-21,91.71450805664062
2006-09-22,91.43633270263672
2006-09-25,92.13876342773438
2006-09-26,92.90376281738281
2006-09-27,93.01504516601562
2006-09-28,92.9803466796875
2006-09-29,92.90376281738281
2006-10-02,92.55608367919922
2006-10-03,92.75078582763672
2006-10-04,93.83576202392578
2006-10-05,94.01654815673828
2006-10-06,93.8983383178711
2006-10-09,93.9539794921875
2006-10-10,94.07916259765625
2006-10-11,93.9678955078125
2006-10-12,94.78160095214844
2006-10-13,95.02503967285156
2006-10-16,95.1711196899414
2006-10-17,94.87205505371094
2006-10-18,94.99723815917969
2006-10-19,95.1502456665039
2006-10-20,95.1711196899414
2006-10-23,95.60926818847656
2006-10-24,95.8944091796875
2006-10-25,96.22132873535156
2006-10-26,96.5203628540039
2006-10-27,95.91525268554688
2006-10-30,95.8456802368164
2006-10-31,95.83180236816406
2006-11-01,95.18497467041016
2006-11-02,95.12939453125
2006-11-03,94.96243286132812
2006-11-06,96.03351593017578
2006-11-07,96.40210723876953
2006-11-08,96.61078643798828
2006-11-09,96.10308074951172
2006-11-10,96.14479064941406
2006-11-13,96.38129425048828
2006-11-14,97.10456848144531
2006-11-15,97.38275146484375
2006-11-16,97.63314819335938
2006-11-17,97.66097259521484
2006-11-20,97.71661376953125
2006-11-21,97.81398010253906
2006-11-22,98.00872039794922
2006-11-24,97.61226654052734
2006-11-27,96.27001953125
2006-11-28,96.68728637695312
2006-11-29,97.69573974609375
2006-11-30,97.73741912841797
2006-12-01,97.5218734741211
2006-12-04,98.26600646972656
2006-12-05,98.6902847290039
2006-12-06,98.60686492919922
2006-12-07,98.1756591796875
2006-12-08,98.35647583007812
2006-12-11,98.6416015625
2006-12-12,98.56510162353516
2006-12-13,98.66944122314453
2006-12-14,99.53878021240234
2006-12-15,99.54788208007812
2006-12-18,99.275146484375
2006-12-19,99.46400451660156
2006-12-20,99.40802001953125
2006-12-21,99.04429626464844
2006-12-22,98.43586730957031
2006-12-26,99.01636505126953
2006-12-27,99.66681671142578
2006-12-28,99.45696258544922
2006-12-29,99.04429626464844
2007-01-03,98.8694839477539
2007-01-04,99.07930755615234
2007-01-05,98.28900146484375
2007-01-08,98.74359893798828
2007-01-09,98.65969848632812
2007-01-10,98.9884033203125
2007-01-11,99.42202758789062
2007-01-12,100.17733001708984
2007-01-16,99.98150634765625
2007-01-17,100.02344512939453
2007-01-18,99.68775939941406
2007-01-19,99.88359069824219
2007-01-22,99.57586669921875
2007-01-23,99.86959075927734
2007-01-24,100.67389678955078
2007-01-25,99.49192810058594
2007-01-26,99.40103912353516
2007-01-29,99.34504699707031
2007-01-30,99.86260986328125
2007-01-31,100.53398132324219
2007-02-01,101.1354751586914
2007-02-02,101.27531433105469
2007-02-05,101.3032455444336
2007-02-06,101.33125305175781
2007-02-07,101.5550308227539
2007-02-08,101.42216491699219
2007-02-09,100.66683197021484
2007-02-12,100.32420349121094
2007-02-13,101.1704330444336
2007-02-14,101.83480072021484
2007-02-15,101.96771240234375
2007-02-16,101.91873931884766
2007-02-20,102.13555145263672
2007-02-21,102.09361267089844
2007-02-22,102.01665496826172
2007-02-23,101.61799621582031
2007-02-26,101.52706909179688
2007-02-27,97.56166076660156
2007-02-28,98.56179809570312
2007-03-01,98.2680435180664
2007-03-02,96.9812240600586
2007-03-05,96.05804443359375
2007-03-06,97.70153045654297
2007-03-07,97.6036148071289
2007-03-08,98.4289321899414
2007-03-09,98.45686340332031
2007-03-12,98.60375213623047
2007-03-13,96.6874771118164
2007-03-14,97.40786743164062
2007-03-15,97.54067993164062
2007-03-16,97.267578125
2007-03-19,98.44012451171875
2007-03-20,98.98079681396484
2007-03-21,100.60973358154297
2007-03-22,100.53253173828125
2007-03-23,100.67999267578125
2007-03-26,100.54656219482422
2007-03-27,100.30782318115234
2007-03-28,99.57762145996094
2007-03-29,99.6829605102539
2007-03-30,99.70399475097656
2007-04-02,99.81636047363281
2007-04-03,100.890625
2007-04-04,101.00299072265625
2007-04-05,101.27678680419922
2007-04-09,101.41725158691406
2007-04-10,101.53659057617188
2007-04-11,101.12232971191406
2007-04-12,101.57168579101562
2007-04-13,102.03510284423828
2007-04-16,103.00404357910156
2007-04-17,103.2779312133789
2007-04-18,103.40428161621094
2007-04-19,103.37615966796875
2007-04-20,104.3521728515625
2007-04-23,103.95894622802734
2007-04-24,104.00112915039062
2007-04-25,104.95597076416016
2007-04-26,105.07532501220703
2007-04-27,104.99110412597656
2007-04-30,104.12042236328125
2007-05-01,104.38725280761719
2007-05-02,104.99811553955078
2007-05-03,105.56692504882812
2007-05-04,105.96705627441406
2007-05-07,105.98812103271484
2007-05-08,105.84772491455078
2007-05-09,106.13562774658203
2007-05-10,105.02625274658203
2007-05-11,105.92496490478516
2007-05-14,105.69322967529297
2007-05-15,105.72137451171875
2007-05-16,106.44452667236328
2007-05-17,106.2339096069336
2007-05-18,107.16079711914062
2007-05-21,107.10457611083984
2007-05-22,107.02032470703125
2007-05-23,107.0342788696289
2007-05-24,106.06541442871094
2007-05-25,106.50773620605469
2007-05-29,106.89392852783203
2007-05-30,107.76458740234375
2007-05-31,107.65219116210938
2007-06-01,108.18582916259766
2007-06-04,108.19988250732422
2007-06-05,107.77159881591797
2007-06-06,106.61309051513672
2007-06-07,104.689208984375
2007-06-08,106.05135345458984
2007-06-11,106.2339096069336
2007-06-12,105.07532501220703
2007-06-13,106.64813232421875
2007-06-14,107.32925415039062
2007-06-15,107.93993377685547
2007-06-18,107.81299591064453
2007-06-19,108.08092498779297
2007-06-20,106.57896423339844
2007-06-21,107.1712875366211
2007-06-22,106.16291046142578
2007-06-25,105.65518188476562
2007-06-26,104.5691909790039
2007-06-27,106.05709075927734
2007-06-28,106.04302978515625
2007-06-29,106.0782470703125
2007-07-02,107.03726959228516
2007-07-03,107.42516326904297
2007-07-05,107.31230926513672
2007-07-06,107.87642669677734
2007-07-09,107.96109008789062
2007-07-10,106.42378997802734
2007-07-11,107.1783676147461
2007-07-12,108.8707275390625
2007-07-13,109.19515991210938
2007-07-16,109.1810302734375
2007-07-17,109.12460327148438
2007-07-18,108.9271469116211
2007-07-19,109.35028076171875
2007-07-20,108.2431640625
2007-07-23,108.57459259033203
2007-07-24,106.69176483154297
2007-07-25,106.9103775024414
2007-07-26,104.37879180908203
2007-07-27,102.3268051147461
2007-07-30,103.92755126953125
2007-07-31,102.75691986083984
2007-08-01,103.2575912475586
2007-08-02,104.08265686035156
2007-08-03,101.403076171875
2007-08-06,103.10246276855469
2007-08-07,104.2025375366211
2007-08-08,105.65518188476562
2007-08-09,102.52420043945312
2007-08-10,102.04475402832031
2007-08-13,102.41139221191406
2007-08-14,100.8459243774414
2007-08-15,99.45673370361328
2007-08-16,100.20423889160156
2007-08-17,102.04475402832031
2007-08-20,101.99536895751953
2007-08-21,102.19986724853516
2007-08-22,103.41275024414062
2007-08-23,103.3210678100586
2007-08-24,104.59740447998047
2007-08-27,103.62432098388672
2007-08-28,101.34662628173828
2007-08-29,103.33519744873047
2007-08-30,103.06015014648438
2007-08-31,104.07554626464844
2007-09-04,105.12629699707031
2007-09-05,104.21660614013672
2007-09-06,104.45643615722656
2007-09-07,103.00376892089844
2007-09-10,102.80630493164062
2007-09-11,104.0051040649414
2007-09-12,104.27307891845703
2007-09-13,105.00647735595703
2007-09-14,104.99935913085938
2007-09-17,104.43528747558594
2007-09-18,107.50977325439453
2007-09-19,108.1443862915039
2007-09-20,107.38286590576172
2007-09-21,107.67263793945312
2007-09-24,107.47425079345703
2007-09-25,107.26170349121094
2007-09-26,107.82847595214844
2007-09-27,108.46614074707031
2007-09-28,108.10482788085938
2007-10-01,109.32345581054688
2007-10-02,109.17464447021484
2007-10-03,108.95503234863281
2007-10-04,109.12509155273438
2007-10-05,110.42166137695312
2007-10-08,109.83356475830078
2007-10-09,110.86804962158203
2007-10-10,110.68377685546875
2007-10-11,110.1523666381836
2007-10-12,110.76168060302734
2007-10-15,109.82647705078125
2007-10-16,108.95503234863281
2007-10-17,109.28802490234375
2007-10-18,108.89127349853516
2007-10-19,106.04301452636719
2007-10-22,106.65937042236328
2007-10-23,107.5238265991211
2007-10-24,107.325439453125
2007-10-25,107.5805435180664
2007-10-26,108.84164428710938
2007-10-29,109.20301055908203
2007-10-30,108.44491577148438
2007-10-31,109.57146453857422
2007-11-01,107.00662994384766
2007-11-02,107.12706756591797
2007-11-05,106.31226348876953
2007-11-06,107.74348449707031
2007-11-07,104.79607391357422
2007-11-08,104.26466369628906
2007-11-09,102.8335189819336
2007-11-12,101.81324005126953
2007-11-13,104.91646575927734
2007-11-14,104.62601470947266
2007-11-15,103.11687469482422
2007-11-16,103.29401397705078
2007-11-19,101.8557357788086
2007-11-20,102.47924041748047
2007-11-21,100.38201904296875
2007-11-23,102.11787414550781
2007-11-26,99.86479187011719
2007-11-27,101.01263427734375
2007-11-28,104.2434310913086
2007-11-29,104.27887725830078
2007-11-30,105.32743835449219
2007-12-03,104.63311004638672
2007-12-04,103.69786071777344
2007-12-05,105.43375396728516
2007-12-06,106.94286346435547
2007-12-07,106.92156982421875
2007-12-10,107.75061798095703
2007-12-11,104.79607391357422
2007-12-12,105.83050537109375
2007-12-13,105.61082458496094
2007-12-14,104.27175903320312
2007-12-17,102.78388977050781
2007-12-18,103.35774993896484
2007-12-19,103.35774993896484
2007-12-20,104.0096206665039
2007-12-21,105.50900268554688
2007-12-24,106.29247283935547
2007-12-26,106.52037048339844
2007-12-27,105.18128204345703
2007-12-28,104.91777038574219
2007-12-31,104.14136505126953
2008-01-02,103.22969818115234
2008-01-03,103.17981719970703
2008-01-04,100.65125274658203
2008-01-07,100.5657730102539
2008-01-08,98.94180297851562
2008-01-09,99.981689453125
2008-01-10,100.636962890625
2008-01-11,99.82501220703125
2008-01-14,100.62987518310547
2008-01-15,98.4146957397461
2008-01-16,97.56708526611328
2008-01-17,95.03852081298828
2008-01-18,94.06272888183594
2008-01-22,93.1082763671875
2008-01-23,95.34481048583984
2008-01-24,96.14970397949219
2008-01-25,94.7607192993164
2008-01-28,96.3277587890625
2008-01-29,96.80496215820312
2008-01-30,96.09268951416016
2008-01-31,97.84489440917969
2008-02-01,99.41902923583984
2008-02-04,98.16539764404297
2008-02-05,95.53712463378906
2008-02-06,94.76790618896484
2008-02-07,95.3946762084961
2008-02-08,94.78213500976562
2008-02-11,95.2664566040039
2008-02-12,96.14970397949219
2008-02-13,97.13260650634766
2008-02-14,96.27790069580078
2008-02-15,96.25653839111328
2008-02-19,96.52720642089844
2008-02-20,96.81209564208984
2008-02-21,96.00723266601562
2008-02-22,96.59840393066406
2008-02-25,97.81643676757812
2008-02-26,98.55008697509766
2008-02-27,98.45034790039062
2008-02-28,97.48873901367188
2008-02-29,95.31633758544922
2008-03-03,95.08838653564453
2008-03-04,94.72515869140625
2008-03-05,95.32344055175781
2008-03-06,93.3504409790039
2008-03-07,92.38888549804688
2008-03-10,91.1708984375
2008-03-11,94.44735717773438
2008-03-12,93.56413269042969
2008-03-13,93.77069091796875
2008-03-14,92.31766510009766
2008-03-17,91.38458251953125
2008-03-18,95.18099212646484
2008-03-19,92.82339477539062
2008-03-20,94.54271697998047
2008-03-24,96.43243408203125
2008-03-25,96.52547454833984
2008-03-26,95.34439086914062
2008-03-27,95.04378509521484
2008-03-28,94.13473510742188
2008-03-31,94.46398162841797
2008-04-01,97.78528594970703
2008-04-02,97.84974670410156
2008-04-03,98.09305572509766
2008-04-04,97.9856948852539
2008-04-07,98.03582000732422
2008-04-08,97.93562316894531
2008-04-09,97.22699737548828
2008-04-10,97.36293029785156
2008-04-11,95.4732437133789
2008-04-14,95.15111541748047
2008-04-15,95.3730697631836
2008-04-16,97.95709991455078
2008-04-17,98.10025024414062
2008-04-18,99.12388610839844
2008-04-21,99.1739273071289
2008-04-22,98.7372817993164
2008-04-23,98.579833984375
2008-04-24,99.0093002319336
2008-04-25,99.92549896240234
2008-04-28,99.94703674316406
2008-04-29,99.55330657958984
2008-04-30,98.96634674072266
2008-05-01,101.0135726928711
2008-05-02,101.2927017211914
2008-05-05,100.8059310913086
2008-05-06,101.67920684814453
2008-05-07,99.86824798583984
2008-05-08,99.61058807373047
2008-05-09,99.42444610595703
2008-05-12,100.54109954833984
2008-05-13,100.55543518066406
2008-05-14,100.76305389404297
2008-05-15,102.02279663085938
2008-05-16,102.1158676147461
2008-05-19,102.39503479003906
2008-05-20,101.564697265625
2008-05-21,99.8468017578125
2008-05-22,99.86111450195312
2008-05-23,98.52255249023438
2008-05-27,99.25267791748047
2008-05-28,99.71077728271484
2008-05-29,100.21185302734375
2008-05-30,100.46235656738281
2008-06-02,99.42444610595703
2008-06-03,98.84467315673828
2008-06-04,98.79454803466797
2008-06-05,100.7701644897461
2008-06-06,97.55624389648438
2008-06-09,97.7924575805664
2008-06-10,97.30569458007812
2008-06-11,95.87409973144531
2008-06-12,96.23920440673828
2008-06-13,97.45600891113281
2008-06-16,97.51329803466797
2008-06-17,97.04084014892578
2008-06-18,96.09601593017578
2008-06-19,96.21770477294922
2008-06-20,94.65593719482422
2008-06-23,94.5623550415039
2008-06-24,94.37535858154297
2008-06-25,94.82135772705078
2008-06-26,92.24598693847656
2008-06-27,91.74243927001953
2008-06-30,92.0661392211914
2008-07-01,92.35391998291016
2008-07-02,90.77127838134766
2008-07-03,90.86478424072266
2008-07-07,89.93677520751953
2008-07-08,91.53378295898438
2008-07-09,89.7713394165039
2008-07-10,90.1382064819336
2008-07-11,89.08792114257812
2008-07-14,88.2822036743164
2008-07-15,87.03771209716797
2008-07-16,89.17424774169922
2008-07-17,90.06626892089844
2008-07-18,90.62739562988281
2008-07-21,90.6777572631836
2008-07-22,91.70648956298828
2008-07-23,92.20283508300781
2008-07-24,90.2892837524414
2008-07-25,90.2677001953125
2008-07-28,88.94403076171875
2008-07-29,90.84318542480469
2008-07-30,92.4618148803711
2008-07-31,91.23886108398438
2008-08-01,90.75688171386719
2008-08-04,89.91521453857422
2008-08-05,92.33953857421875
2008-08-06,92.74955749511719
2008-08-07,91.36833953857422
2008-08-08,93.0660629272461
2008-08-11,94.03004455566406
2008-08-12,93.05171966552734
2008-08-13,92.4905776977539
2008-08-14,93.18836212158203
2008-08-15,93.64161682128906
2008-08-18,92.3611068725586
2008-08-19,91.35395812988281
2008-08-20,91.77842712402344
2008-08-21,91.93665313720703
2008-08-22,93.26748657226562
2008-08-25,91.37554168701172
2008-08-26,91.6417465209961
2008-08-27,92.53373718261719
2008-08-28,93.65601348876953
2008-08-29,92.64885711669922
2008-09-02,92.07334899902344
2008-09-03,91.9942398071289
2008-09-04,89.22461700439453
2008-09-05,89.50515747070312
2008-09-08,91.35395812988281
2008-09-09,88.64191436767578
2008-09-10,89.00157165527344
2008-09-11,90.2892837524414
2008-09-12,90.70655059814453
2008-09-15,86.3902359008789
2008-09-16,87.83619689941406
2008-09-17,83.88683319091797
2008-09-18,86.37588500976562
2008-09-19,89.80615997314453
2008-09-22,87.77301788330078
2008-09-23,85.77600860595703
2008-09-24,86.05096435546875
2008-09-25,87.39675903320312
2008-09-26,87.44020080566406
2008-09-29,80.58824920654297
2008-09-30,83.9237289428711
2008-10-01,83.9743881225586
2008-10-02,80.92827606201172
2008-10-03,79.83576202392578
2008-10-06,75.7694320678711
2008-10-07,72.37602233886719
2008-10-08,70.5527114868164
2008-10-09,65.62539672851562
2008-10-10,64.0335922241211
2008-10-13,73.33110046386719
2008-10-14,72.24576568603516
2008-10-15,65.13334655761719
2008-10-16,67.84662628173828
2008-10-17,67.44144439697266
2008-10-20,71.49330139160156
2008-10-21,69.35885620117188
2008-10-22,65.58195495605469
2008-10-23,66.34170532226562
2008-10-24,62.977176666259766
2008-10-27,60.74147033691406
2008-10-28,67.83942413330078
2008-10-29,67.34741973876953
2008-10-30,69.67717742919922
2008-10-31,70.06066131591797
2008-11-03,70.26327514648438
2008-11-04,72.65099334716797
2008-11-05,69.59762573242188
2008-11-06,65.74115753173828
2008-11-07,67.91178131103516
2008-11-10,67.02179718017578
2008-11-11,64.95247650146484
2008-11-12,62.094459533691406
2008-11-13,65.96543884277344
2008-11-14,62.6733283996582
2008-11-17,61.84122848510742
2008-11-18,63.0061149597168
2008-11-19,58.9687385559082
2008-11-20,54.591312408447266
2008-11-21,57.5361442565918
2008-11-24,61.52287292480469
2008-11-25,61.97871398925781
2008-11-26,64.3736343383789
2008-11-28,65.18396759033203
2008-12-01,59.41012954711914
2008-12-02,61.6965217590332
2008-12-03,63.179786682128906
2008-12-04,61.718231201171875
2008-12-05,63.62113952636719
2008-12-08,65.8424301147461
2008-12-09,64.7571029663086
2008-12-10,65.1984634399414
2008-12-11,63.6284065246582
2008-12-12,64.38813781738281
2008-12-15,63.49092483520508
2008-12-16,66.47916412353516
2008-12-17,65.835205078125
2008-12-18,64.60517120361328
2008-12-19,64.32727813720703
2008-12-22,63.503021240234375
2008-12-23,62.84653854370117
2008-12-24,63.21125411987305
2008-12-26,63.57600402832031
2008-12-29,63.393611907958984
2008-12-30,64.89623260498047
2008-12-31,65.82256317138672
2009-01-02,67.80658721923828
2009-01-05,67.72635650634766
2009-01-06,68.17857360839844
2009-01-07,66.13622283935547
2009-01-08,66.4061050415039
2009-01-09,64.98377227783203
2009-01-12,63.422794342041016
2009-01-13,63.53950500488281
2009-01-14,61.5408935546875
2009-01-15,61.56278991699219
2009-01-16,62.04418182373047
2009-01-20,58.76910400390625
2009-01-21,61.307464599609375
2009-01-22,60.35922622680664
2009-01-23,60.62183380126953
2009-01-26,61.03759002685547
2009-01-27,61.6576042175293
2009-01-28,63.74374008178711
2009-01-29,61.67217254638672
2009-01-30,60.417579650878906
2009-02-02,60.23522186279297
2009-02-03,61.08133316040039
2009-02-04,60.78230667114258
2009-02-05,61.68677520751953
2009-02-06,63.44465255737305
2009-02-09,63.532196044921875
2009-02-10,60.62183380126953
2009-02-11,60.97922134399414
2009-02-12,61.023014068603516
2009-02-13,60.36652374267578
2009-02-17,57.78437042236328
2009-02-18,57.64581298828125
2009-02-19,57.025814056396484
2009-02-20,56.47146224975586
2009-02-23,54.450958251953125
2009-02-24,56.51521682739258
2009-02-25,56.070255279541016
2009-02-26,55.15849304199219
2009-02-27,53.92577362060547
2009-03-02,51.496829986572266
2009-03-03,51.110225677490234
2009-03-04,52.32107925415039
2009-03-05,50.183868408203125
2009-03-06,50.27138900756836
2009-03-09,49.680572509765625
2009-03-10,52.64201354980469
2009-03-11,52.984840393066406
2009-03-12,55.070945739746094
2009-03-13,55.50132369995117
2009-03-16,55.333553314208984
2009-03-17,57.025814056396484
2009-03-18,58.30226135253906
2009-03-19,57.580135345458984
2009-03-20,56.354034423828125
2009-03-23,60.40186309814453
2009-03-24,59.21177673339844
2009-03-25,59.836238861083984
2009-03-26,61.05573272705078
2009-03-27,59.95376968383789
2009-03-30,57.88209915161133
2009-03-31,58.41836166381836
2009-04-01,59.54971694946289
2009-04-02,61.290836334228516
2009-04-03,61.900543212890625
2009-04-06,61.415679931640625
2009-04-07,59.9831657409668
2009-04-08,60.629615783691406
2009-04-09,63.03924560546875
2009-04-13,63.053958892822266
2009-04-14,61.96665954589844
2009-04-15,62.62786865234375
2009-04-16,63.54613494873047
2009-04-17,63.97223663330078
2009-04-20,61.290836334228516
2009-04-21,62.48826217651367
2009-04-22,62.106285095214844
2009-04-23,62.71599197387695
2009-04-24,63.66367721557617
2009-04-27,63.06130599975586
2009-04-28,62.86293029785156
2009-04-29,64.19998931884766
2009-04-30,64.22200775146484
2009-05-01,64.56729888916016
2009-05-04,66.76385498046875
2009-05-05,66.5361099243164
2009-05-06,67.68951416015625
2009-05-07,66.7491683959961
2009-05-08,68.30657196044922
2009-05-11,67.02833557128906
2009-05-12,66.82998657226562
2009-05-13,65.14766693115234
2009-05-14,65.70600128173828
2009-05-15,65.16971588134766
2009-05-18,67.02099609375
2009-05-19,66.940185546875
2009-05-20,66.49201965332031
2009-05-21,65.53704071044922
2009-05-22,65.39743041992188
2009-05-26,67.07240295410156
2009-05-27,65.87496185302734
2009-05-28,66.79325866699219
2009-05-29,67.97603607177734
2009-06-01,69.6216049194336
2009-06-02,69.68035125732422
2009-06-03,68.7988052368164
2009-06-04,69.44528198242188
2009-06-05,69.46002197265625
2009-06-08,69.17350006103516
2009-06-09,69.5261001586914
2009-06-10,69.34977722167969
2009-06-11,69.6583251953125
2009-06-12,69.849365234375
2009-06-15,68.2478256225586
2009-06-16,67.32218170166016
2009-06-17,67.25605773925781
2009-06-18,67.74828338623047
2009-06-19,67.99796295166016
2009-06-22,65.9589614868164
2009-06-23,66.01068115234375
2009-06-24,66.57951354980469
2009-06-25,68.02754211425781
2009-06-26,67.85022735595703
2009-06-29,68.48555755615234
2009-06-30,67.93150329589844
2009-07-01,68.21223449707031
2009-07-02,66.35050201416016
2009-07-06,66.3431167602539
2009-07-07,65.05760955810547
2009-07-08,65.01327514648438
2009-07-09,65.13888549804688
2009-07-10,64.98373413085938
2009-07-13,66.56474304199219
2009-07-14,66.94154357910156
2009-07-15,68.89929962158203
2009-07-16,68.78845977783203
2009-07-17,69.54204559326172
2009-07-20,70.28085327148438
2009-07-21,70.60588836669922
2009-07-22,70.59111785888672
2009-07-23,72.14996337890625
2009-07-24,72.44548797607422
2009-07-27,72.65973663330078
2009-07-28,72.31989288330078
2009-07-29,72.14257049560547
2009-07-30,72.8961181640625
2009-07-31,72.99958038330078
2009-08-03,74.20381927490234
2009-08-04,74.39590454101562
2009-08-05,74.18162536621094
2009-08-06,73.7974853515625
2009-08-07,74.7652587890625
2009-08-10,74.61012268066406
2009-08-11,73.67926025390625
2009-08-12,74.46977996826172
2009-08-13,75.03857421875
2009-08-14,74.4623794555664
2009-08-17,72.63019561767578
2009-08-18,73.20643615722656
2009-08-19,73.84917449951172
2009-08-20,74.61012268066406
2009-08-21,76.07295989990234
2009-08-24,76.0655288696289
2009-08-25,76.21331024169922
2009-08-26,76.22069549560547
2009-08-27,76.39060974121094
2009-08-28,76.3758316040039
2009-08-31,75.69615173339844
2009-09-01,74.02649688720703
2009-09-02,73.74575805664062
2009-09-03,74.35894775390625
2009-09-04,75.40064239501953
2009-09-08,76.05076599121094
2009-09-09,76.63438415527344
2009-09-10,77.41751098632812
2009-09-11,77.40274047851562
2009-09-14,77.77953338623047
2009-09-15,78.10459899902344
2009-09-16,79.28667449951172
2009-09-17,79.16845703125
2009-09-18,79.21892547607422
2009-09-21,79.01850891113281
2009-09-22,79.478759765625
2009-09-23,78.8180923461914
2009-09-24,77.94955444335938
2009-09-25,77.5339126586914
2009-09-28,78.9219970703125
2009-09-29,78.68448638916016
2009-09-30,78.3801040649414
2009-10-01,76.4352798461914
2009-10-02,76.07897186279297
2009-10-05,77.21467590332031
2009-10-06,78.32074737548828
2009-10-07,78.5360107421875
2009-10-08,79.13728332519531
2009-10-09,79.61975860595703
2009-10-12,79.93157196044922
2009-10-13,79.76822662353516
2009-10-14,81.14151763916016
2009-10-15,81.43843078613281
2009-10-16,80.82970428466797
2009-10-19,81.497802734375
2009-10-20,81.06729125976562
2009-10-21,80.33981323242188
2009-10-22,81.15633392333984
2009-10-23,80.22846221923828
2009-10-26,79.35995483398438
2009-10-27,78.99624633789062
2009-10-28,77.50418853759766
2009-10-29,79.16694641113281
2009-10-30,76.87321472167969
2009-11-02,77.43740844726562
2009-11-03,77.68231964111328
2009-11-04,77.88276672363281
2009-11-05,79.31542205810547
2009-11-06,79.5233154296875
2009-11-09,81.33450317382812
2009-11-10,81.34933471679688
2009-11-11,81.7650375366211
2009-11-12,80.93367004394531
2009-11-13,81.37164306640625
2009-11-16,82.55191802978516
2009-11-17,82.64836883544922
2009-11-18,82.59640502929688
2009-11-19,81.5200424194336
2009-11-20,81.23058319091797
2009-11-23,82.26239013671875
2009-11-24,82.38855743408203
2009-11-25,82.67808532714844
2009-11-27,81.33450317382812
2009-11-30,81.6091537475586
2009-12-01,82.61870574951172
2009-12-02,82.58158111572266
2009-12-03,81.935791015625
2009-12-04,82.4034423828125
2009-12-07,82.2772216796875
2009-12-08,81.36420440673828
2009-12-09,81.66853332519531
2009-12-10,82.1287612915039
2009-12-11,82.47766876220703
2009-12-14,83.04178619384766
2009-12-15,82.6557846069336
2009-12-16,82.78199768066406
2009-12-17,81.78726959228516
2009-12-18,82.25001525878906
2009-12-21,83.08588409423828
2009-12-22,83.38439178466797
2009-12-23,83.54859161376953
2009-12-24,83.94409942626953
2009-12-28,84.12322998046875
2009-12-29,84.00379943847656
2009-12-30,83.97396850585938
2009-12-31,83.16797637939453
2010-01-04,84.57847595214844
2010-01-05,84.8023452758789
2010-01-06,84.86207580566406
2010-01-07,85.22029876708984
2010-01-08,85.50390625
2010-01-11,85.62330627441406
2010-01-12,84.82476043701172
2010-01-13,85.54122161865234
2010-01-14,85.77256774902344
2010-01-15,84.8098373413086
2010-01-19,85.86957550048828
2010-01-20,84.99642181396484
2010-01-21,83.36200714111328
2010-01-22,81.50370788574219
2010-01-25,81.92164611816406
2010-01-26,81.57836151123047
2010-01-27,81.96643829345703
2010-01-28,81.02606201171875
2010-01-29,80.14543914794922
2010-02-01,81.39176940917969
2010-02-02,82.37691497802734
2010-02-03,81.96643829345703
2010-02-04,79.43643951416016
2010-02-05,79.60065460205078
2010-02-08,79.02599334716797
2010-02-09,80.01856994628906
2010-02-10,79.86185455322266
2010-02-11,80.69770812988281
2010-02-12,80.63053131103516
2010-02-16,81.8992691040039
2010-02-17,82.287353515625
2010-02-18,82.77240753173828
2010-02-19,82.94403839111328
2010-02-22,82.95899963378906
2010-02-23,81.95148468017578
2010-02-24,82.70526885986328
2010-02-25,82.59330749511719
2010-02-26,82.64557647705078
2010-03-01,83.50381469726562
2010-03-02,83.73516082763672
2010-03-03,83.80978393554688
2010-03-04,84.06355285644531
2010-03-05,85.26506042480469
2010-03-08,85.28002166748047
2010-03-09,85.42181396484375
2010-03-10,85.80242156982422
2010-03-11,86.16063690185547
2010-03-12,86.16809844970703
2010-03-15,86.19049072265625
2010-03-16,86.87713623046875
2010-03-17,87.39202880859375
2010-03-18,87.34725189208984
2010-03-19,86.90515899658203
2010-03-22,87.3697738647461
2010-03-23,87.98424530029297
2010-03-24,87.55711364746094
2010-03-25,87.41473388671875
2010-03-26,87.36225891113281
2010-03-29,87.91679382324219
2010-03-30,87.97673034667969
2010-03-31,87.67698669433594
2010-04-01,88.27650451660156
2010-04-05,88.9958724975586
2010-04-06,89.20570373535156
2010-04-07,88.69615936279297
2010-04-08,89.00337219238281
2010-04-09,89.58789825439453
2010-04-12,89.73028564453125
2010-04-13,89.79774475097656
2010-04-14,90.81688690185547
2010-04-15,90.89179992675781
2010-04-16,89.44552612304688
2010-04-19,89.78274536132812
2010-04-20,90.58456420898438
2010-04-21,90.41970825195312
2010-04-22,90.6894760131836
2010-04-23,91.28147888183594
2010-04-26,90.93680572509766
2010-04-27,88.78607177734375
2010-04-28,89.46051025390625
2010-04-29,90.56957244873047
2010-04-30,89.03336334228516
2010-05-03,90.18740844726562
2010-05-04,88.066650390625
2010-05-05,87.54210662841797
2010-05-06,84.63451385498047
2010-05-07,83.37557983398438
2010-05-10,87.0474853515625
2010-05-11,86.80020141601562
2010-05-12,88.01419067382812
2010-05-13,86.92012786865234
2010-05-14,85.346435546875
2010-05-17,85.39139556884766
2010-05-18,84.22987365722656
2010-05-19,83.7502670288086
2010-05-20,80.58788299560547
2010-05-21,81.76441955566406
2010-05-24,80.71528625488281
2010-05-25,80.79772186279297
2010-05-26,80.31058502197266
2010-05-27,83.00089263916016
2010-05-28,81.95924377441406
2010-06-01,80.58040618896484
2010-06-02,82.67864227294922
2010-06-03,82.9634017944336
2010-06-04,80.04833984375
2010-06-07,79.05168151855469
2010-06-08,79.89847564697266
2010-06-09,79.4713363647461
2010-06-10,81.79436492919922
2010-06-11,82.19155883789062
2010-06-14,82.06416320800781
2010-06-15,83.93011474609375
2010-06-16,83.90010833740234
2010-06-17,84.03500366210938
2010-06-18,84.1261215209961
2010-06-21,83.88518524169922
2010-06-22,82.49979400634766
2010-06-23,82.24376678466797
2010-06-24,80.8809814453125
2010-06-25,81.21976470947266
2010-06-28,80.96377563476562
2010-06-29,78.4640121459961
2010-06-30,77.71859741210938
2010-07-01,77.37223052978516
2010-07-02,76.95059967041016
2010-07-06,77.455078125
2010-07-07,79.89459991455078
2010-07-08,80.68521118164062
2010-07-09,81.2875747680664
2010-07-12,81.34024047851562
2010-07-13,82.56754302978516
2010-07-14,82.56004333496094
2010-07-15,82.58260345458984
2010-07-16,80.30874633789062
2010-07-19,80.7830581665039
2010-07-20,81.67906188964844
2010-07-21,80.61741638183594
2010-07-22,82.4169692993164
2010-07-23,83.13224029541016
2010-07-26,83.9981460571289
2010-07-27,83.99058532714844
2010-07-28,83.44849395751953
2010-07-29,83.04190826416016
2010-07-30,83.02681732177734
2010-08-02,84.90166473388672
2010-08-03,84.49504852294922
2010-08-04,85.05978393554688
2010-08-05,84.96939849853516
2010-08-06,84.6230697631836
2010-08-09,85.0748291015625
2010-08-10,84.61553192138672
2010-08-11,82.29647827148438
2010-08-12,81.7920150756836
2010-08-13,81.55106353759766
2010-08-16,81.51342010498047
2010-08-17,82.51481628417969
2010-08-18,82.66544342041016
2010-08-19,81.22727966308594
2010-08-20,80.96377563476562
2010-08-23,80.65509033203125
2010-08-24,79.45787811279297
2010-08-25,79.76657104492188
2010-08-26,79.23200988769531
2010-08-27,80.45929718017578
2010-08-30,79.292236328125
2010-08-31,79.292236328125
2010-09-01,81.66400909423828
2010-09-02,82.4244613647461
2010-09-03,83.49365997314453
2010-09-07,82.552490234375
2010-09-08,83.13224029541016
2010-09-09,83.51625061035156
2010-09-10,83.93789672851562
2010-09-13,84.87152862548828
2010-09-14,84.8188247680664
2010-09-15,85.14260864257812
2010-09-16,85.12000274658203
2010-09-17,85.15181732177734
2010-09-20,86.45380401611328
2010-09-21,86.27969360351562
2010-09-22,85.85578155517578
2010-09-23,85.15937805175781
2010-09-24,86.91553497314453
2010-09-27,86.49922180175781
2010-09-28,86.80201721191406
2010-09-29,86.65058135986328
2010-09-30,86.39323425292969
2010-10-01,86.7565689086914
2010-10-04,86.10558319091797
2010-10-05,87.83905029296875
2010-10-06,87.83146667480469
2010-10-07,87.72549438476562
2010-10-08,88.21753692626953
2010-10-11,88.3008041381836
2010-10-12,88.57331085205078
2010-10-13,89.26216125488281
2010-10-14,88.9139633178711
2010-10-15,89.09564208984375
2010-10-18,89.53466033935547
2010-10-19,88.36136627197266
2010-10-20,89.22431945800781
2010-10-21,89.42111206054688
2010-10-22,89.58767700195312
2010-10-25,89.85259246826172
2010-10-26,89.86775970458984
2010-10-27,89.6103515625
2010-10-28,89.62548828125
2010-10-29,89.6936264038086
2010-11-01,89.72391510009766
2010-11-02,90.43546295166016
2010-11-03,90.79884338378906
2010-11-04,92.54743194580078
2010-11-05,92.8956527709961
2010-11-08,92.72152709960938
2010-11-09,92.05536651611328
2010-11-10,92.42631530761719
2010-11-11,92.0781021118164
2010-11-12,90.98806762695312
2010-11-15,90.85935974121094
2010-11-16,89.44385528564453
2010-11-17,89.48926544189453
2010-11-18,90.8063735961914
2010-11-19,91.0561752319336
2010-11-22,90.98048400878906
2010-11-23,89.66334533691406
2010-11-24,90.98806762695312
2010-11-26,89.92829895019531
2010-11-29,90.2008056640625
2010-11-30,89.6936264038086
2010-12-01,91.60120391845703
2010-12-02,92.77452087402344
2010-12-03,93.02430725097656
2010-12-06,92.92591857910156
2010-12-07,92.9788818359375
2010-12-08,93.31952667236328
2010-12-09,93.68290710449219
2010-12-10,94.22791290283203
2010-12-13,94.28844451904297
2010-12-14,94.3717269897461
2010-12-15,93.94026947021484
2010-12-16,94.48524475097656
2010-12-17,94.58648681640625
2010-12-20,94.81475830078125
2010-12-21,95.41593170166016
2010-12-22,95.71268463134766
2010-12-23,95.57573699951172
2010-12-27,95.61376953125
2010-12-28,95.750732421875
2010-12-29,95.81925201416016
2010-12-30,95.66704559326172
2010-12-31,95.68988800048828
2011-01-03,96.67911529541016
2011-01-04,96.6258316040039
2011-01-05,97.12806701660156
2011-01-06,96.93782806396484
2011-01-07,96.74758911132812
2011-01-10,96.6258316040039
2011-01-11,96.96829223632812
2011-01-12,97.8433609008789
2011-01-13,97.68355560302734
2011-01-14,98.39124298095703
2011-01-18,98.55866241455078
2011-01-19,97.59222412109375
2011-01-20,97.4628677368164
2011-01-21,97.68355560302734
2011-01-24,98.23906707763672
2011-01-25,98.29231262207031
2011-01-26,98.67276763916016
2011-01-27,98.91629791259766
2011-01-28,97.18894958496094
2011-01-31,97.9194564819336
2011-02-01,99.48703002929688
2011-02-02,99.2967758178711
2011-02-03,99.51746368408203
2011-02-04,99.79901123046875
2011-02-07,100.42301177978516
2011-02-08,100.87954711914062
2011-02-09,100.65128326416016
2011-02-10,100.6893081665039
2011-02-11,101.29048156738281
2011-02-14,101.53398895263672
2011-02-15,101.21440124511719
2011-02-16,101.85356903076172
2011-02-17,102.15794372558594
2011-02-18,102.37106323242188
2011-02-22,100.31645965576172
2011-02-23,99.70008850097656
2011-02-24,99.63158416748047
2011-02-25,100.69694519042969
2011-02-28,101.32090759277344
2011-03-01,99.63158416748047
2011-03-02,99.84465789794922
2011-03-03,101.5644302368164
2011-03-04,100.80348205566406
2011-03-07,100.01207733154297
2011-03-08,100.88716125488281
2011-03-09,100.74261474609375
2011-03-10,98.87825012207031
2011-03-11,99.56310272216797
2011-03-14,98.96196746826172
2011-03-15,97.82814025878906
2011-03-16,96.01709747314453
2011-03-17,97.28789520263672
2011-03-18,97.6417007446289
2011-03-21,99.15496826171875
2011-03-22,98.81100463867188
2011-03-23,99.09381103515625
2011-03-24,100.04148864746094
2011-03-25,100.3471908569336
2011-03-28,100.10264587402344
2011-03-29,100.77518463134766
2011-03-30,101.4706802368164
2011-03-31,101.33305358886719
2011-04-01,101.76106262207031
2011-04-04,101.84513854980469
2011-04-05,101.82986450195312
2011-04-06,102.15083312988281
2011-04-07,101.89100646972656
2011-04-08,101.53941345214844
2011-04-11,101.23373413085938
2011-04-12,100.47711944580078
2011-04-13,100.46949768066406
2011-04-14,100.5459213256836
2011-04-15,100.91275787353516
2011-04-18,99.78164672851562
2011-04-19,100.3548355102539
2011-04-20,101.72286224365234
2011-04-21,102.24254608154297
2011-04-25,102.13555908203125
2011-04-26,103.0144271850586
2011-04-27,103.68699645996094
2011-04-28,104.02330780029297
2011-04-29,104.26781463623047
2011-05-02,104.10736083984375
2011-05-03,103.73286437988281
2011-05-04,103.04503631591797
2011-05-05,102.11266326904297
2011-05-06,102.56352233886719
2011-05-09,102.96096801757812
2011-05-10,103.83984375
2011-05-11,102.7469711303711
2011-05-12,103.23609161376953
2011-05-13,102.44129943847656
2011-05-16,101.7916488647461
2011-05-17,101.7763442993164
2011-05-18,102.68582153320312
2011-05-19,102.9303970336914
2011-05-20,102.11266326904297
2011-05-23,100.9280014038086
2011-05-24,100.84394836425781
2011-05-25,101.18025207519531
2011-05-26,101.64644622802734
2011-05-27,102.03621673583984
2011-05-31,103.09852600097656
2011-06-01,100.78278350830078
2011-06-02,100.67581176757812
2011-06-03,99.67464447021484
2011-06-06,98.6199722290039
2011-06-07,98.55886840820312
2011-06-08,98.14612579345703
2011-06-09,98.89510345458984
2011-06-10,97.51943969726562
2011-06-13,97.59585571289062
2011-06-14,98.83397674560547
2011-06-15,97.07614135742188
2011-06-16,97.29014587402344
2011-06-17,97.5804672241211
2011-06-20,98.07972717285156
2011-06-21,99.42379760742188
2011-06-22,98.82472229003906
2011-06-23,98.54052734375
2011-06-24,97.39615631103516
2011-06-27,98.26404571533203
2011-06-28,99.54668426513672
2011-06-29,100.39920043945312
2011-06-30,101.3592758178711
2011-07-01,102.85698699951172
2011-07-05,102.77249145507812
2011-07-06,102.8953857421875
2011-07-07,103.96298217773438
2011-07-08,103.22561645507812
2011-07-11,101.3592758178711
2011-07-12,100.9214859008789
2011-07-13,101.25943756103516
2011-07-14,100.56050109863281
2011-07-15,101.14422607421875
2011-07-18,100.31471252441406
2011-07-19,101.94298553466797
2011-07-20,101.88156127929688
2011-07-21,103.29476928710938
2011-07-22,103.3638687133789
2011-07-25,102.7878189086914
2011-07-26,102.40380096435547
2011-07-27,100.30705261230469
2011-07-28,100.01516723632812
2011-07-29,99.33163452148438
2011-08-01,98.90922546386719
2011-08-02,96.38231658935547
2011-08-03,96.90460205078125
2011-08-04,92.36543273925781
2011-08-05,92.22718811035156
2011-08-08,86.22103881835938
2011-08-09,90.23028564453125
2011-08-10,86.2441177368164
2011-08-11,90.11506652832031
2011-08-12,90.7218017578125
2011-08-15,92.64193725585938
2011-08-16,91.85086059570312
2011-08-17,91.91228485107422
2011-08-18,87.94918060302734
2011-08-19,86.51290893554688
2011-08-22,86.58203125
2011-08-23,89.4314956665039
2011-08-24,90.69107818603516
2011-08-25,89.30859375
2011-08-26,90.60657501220703
2011-08-29,93.2103042602539
2011-08-30,93.45606994628906
2011-08-31,93.87080383300781
2011-09-01,92.88770294189453
2011-09-02,90.514404296875
2011-09-06,89.85391998291016
2011-09-07,92.38847351074219
2011-09-08,91.42842864990234
2011-09-09,89.0320816040039
2011-09-12,89.608154296875
2011-09-13,90.42993927001953
2011-09-14,91.68186950683594
2011-09-15,93.26405334472656
2011-09-16,93.8160171508789
2011-09-19,92.88189697265625
2011-09-20,92.77381896972656
2011-09-21,90.04086303710938
2011-09-22,87.13034057617188
2011-09-23,87.65532684326172
2011-09-26,89.73979949951172
2011-09-27,90.74340057373047
2011-09-28,88.89054107666016
2011-09-29,89.59307861328125
2011-09-30,87.3542251586914
2011-10-03,84.86833190917969
2011-10-04,86.72887420654297
2011-10-05,88.334716796875
2011-10-06,89.93279266357422
2011-10-07,89.33058166503906
2011-10-10,92.31830596923828
2011-10-11,92.41094970703125
2011-10-12,93.22158813476562
2011-10-13,93.03633880615234
2011-10-14,94.6266860961914
2011-10-17,92.82015228271484
2011-10-18,94.63440704345703
2011-10-19,93.51495361328125
2011-10-20,93.92414093017578
2011-10-21,95.70745849609375
2011-10-24,96.8809814453125
2011-10-25,94.99724578857422
2011-10-26,95.96226501464844
2011-10-27,99.30510711669922
2011-10-28,99.28195190429688
2011-10-31,96.88871002197266
2011-11-01,94.18660736083984
2011-11-02,95.72293853759766
2011-11-03,97.46772003173828
2011-11-04,96.87323760986328
2011-11-07,97.47543334960938
2011-11-08,98.72611236572266
2011-11-09,95.08216857910156
2011-11-10,95.97770690917969
2011-11-11,97.78423309326172
2011-11-14,96.8578109741211
2011-11-15,97.33647918701172
2011-11-16,95.79242706298828
2011-11-17,94.27154541015625
2011-11-18,94.17117309570312
2011-11-21,92.38011169433594
2011-11-22,92.01722717285156
2011-11-23,89.98678588867188
2011-11-25,89.81698608398438
2011-11-28,92.41868591308594
2011-11-29,92.68119049072266
2011-11-30,96.4949722290039
2011-12-01,96.47952270507812
2011-12-02,96.39460754394531
2011-12-05,97.4445571899414
2011-12-06,97.47543334960938
2011-12-07,97.83829498291016
2011-12-08,95.69204711914062
2011-12-09,97.31330108642578
2011-12-12,95.89278411865234
2011-12-13,94.99724578857422
2011-12-14,93.98587036132812
2011-12-15,94.32559204101562
2011-12-16,94.46541595458984
2011-12-19,93.45545196533203
2011-12-20,96.28340148925781
2011-12-21,96.46984100341797
2011-12-22,97.32447052001953
2011-12-23,98.19464111328125
2011-12-27,98.2723388671875
2011-12-28,96.9826431274414
2011-12-29,97.98484802246094
2011-12-30,97.503173828125
2012-01-03,99.05701446533203
2012-01-04,99.21237182617188
2012-01-05,99.47652435302734
2012-01-06,99.22016143798828
2012-01-09,99.46099853515625
2012-01-10,100.3233871459961
2012-01-11,100.37774658203125
2012-01-12,100.6186294555664
2012-01-13,100.09807586669922
2012-01-17,100.48653411865234
2012-01-18,101.59754180908203
2012-01-19,102.13362884521484
2012-01-20,102.51429748535156
2012-01-23,102.25013732910156
2012-01-24,102.13362884521484
2012-01-25,102.98820495605469
2012-01-26,102.45991516113281
2012-01-27,102.41328430175781
2012-01-30,102.06365966796875
2012-01-31,102.02485656738281
2012-02-01,102.91828918457031
2012-02-02,103.08143615722656
2012-02-03,104.5265121459961
2012-02-06,104.45658111572266
2012-02-07,104.72071075439453
2012-02-08,105.031494140625
2012-02-09,105.16358947753906
2012-02-10,104.38667297363281
2012-02-13,105.16358947753906
2012-02-14,105.031494140625
2012-02-15,104.54204559326172
2012-02-16,105.69965362548828
2012-02-17,105.97933197021484
2012-02-21,106.02598571777344
2012-02-22,105.68409729003906
2012-02-23,106.15023040771484
2012-02-24,106.38336944580078
2012-02-27,106.56200408935547
2012-02-28,106.87278747558594
2012-02-29,106.45327758789062
2012-03-01,107.00485229492188
2012-03-02,106.67854309082031
2012-03-05,106.24348449707031
2012-03-06,104.68968200683594
2012-03-07,105.41997528076172
2012-03-08,106.46878051757812
2012-03-09,106.88057708740234
2012-03-12,106.88835906982422
2012-03-13,108.81507873535156
2012-03-14,108.69857025146484
2012-03-15,109.32785034179688
2012-03-16,109.47928619384766
2012-03-19,109.90840148925781
2012-03-20,109.5884780883789
2012-03-21,109.40902709960938
2012-03-22,108.62088775634766
2012-03-23,108.97200775146484
2012-03-26,110.50153350830078
2012-03-27,110.15814208984375
2012-03-28,109.61194610595703
2012-03-29,109.42461395263672
2012-03-30,109.877197265625
2012-04-02,110.68096160888672
2012-04-03,110.22836303710938
2012-04-04,109.13591766357422
2012-04-05,109.08125305175781
2012-04-09,107.85618591308594
2012-04-10,106.04584503173828
2012-04-11,106.90420532226562
2012-04-12,108.30097198486328
2012-04-13,107.0134048461914
2012-04-16,106.94319915771484
2012-04-17,108.5272216796875
2012-04-18,108.16047668457031
2012-04-19,107.46600341796875
2012-04-20,107.64546966552734
2012-04-23,106.74030303955078
2012-04-24,107.14607238769531
2012-04-25,108.61308288574219
2012-04-26,109.37003326416016
2012-04-27,109.54948425292969
2012-04-30,109.1436996459961
2012-05-01,109.82257843017578
2012-05-02,109.49485778808594
2012-05-03,108.65991973876953
2012-05-04,106.90420532226562
2012-05-07,106.98221588134766
2012-05-08,106.55300903320312
2012-05-09,105.92095184326172
2012-05-10,106.13948059082031
2012-05-11,105.81951904296875
2012-05-14,104.64905548095703
2012-05-15,104.04820251464844
2012-05-16,103.6502456665039
2012-05-17,102.11299896240234
2012-05-18,101.23905944824219
2012-05-21,102.97917938232422
2012-05-22,103.15864562988281
2012-05-23,103.21326446533203
2012-05-24,103.41614532470703
2012-05-25,103.08062744140625
2012-05-29,104.32910919189453
2012-05-30,102.81529998779297
2012-05-31,102.5889892578125
2012-06-01,100.00614166259766
2012-06-04,99.95930480957031
2012-06-05,100.71622467041016
2012-06-06,102.97917938232422
2012-06-07,103.04158782958984
2012-06-08,103.86092376708984
2012-06-11,102.54217529296875
2012-06-12,103.720458984375
2012-06-13,103.05721282958984
2012-06-14,104.14967346191406
2012-06-15,105.21479797363281
2012-06-18,105.41873931884766
2012-06-19,106.43843078613281
2012-06-20,106.26585388183594
2012-06-21,103.88140106201172
2012-06-22,104.68144226074219
2012-06-25,103.00293731689453
2012-06-26,103.52058410644531
2012-06-27,104.45396423339844
2012-06-28,104.1559066772461
2012-06-29,106.75218963623047
2012-07-02,107.07378387451172
2012-07-03,107.77964782714844
2012-07-05,107.29335021972656
2012-07-06,106.27372741699219
2012-07-09,106.140380859375
2012-07-10,105.21479797363281
2012-07-11,105.23051452636719
2012-07-12,104.7206802368164
2012-07-13,106.4776382446289
2012-07-16,106.22665405273438
2012-07-17,106.95611572265625
2012-07-18,107.7483139038086
2012-07-19,108.03068542480469
2012-07-20,107.04242706298828
2012-07-23,105.95997619628906
2012-07-24,105.05008697509766
2012-07-25,105.07360076904297
2012-07-26,106.80708312988281
2012-07-27,108.77583312988281
2012-07-30,108.77583312988281
2012-07-31,108.01498413085938
2012-08-01,107.9208755493164
2012-08-02,107.17569732666016
2012-08-03,109.30137634277344
2012-08-06,109.51310729980469
2012-08-07,110.06217193603516
2012-08-08,110.19554901123047
2012-08-09,110.28963470458984
2012-08-10,110.47004699707031
2012-08-13,110.4151611328125
2012-08-14,110.43087768554688
2012-08-15,110.55633544921875
2012-08-16,111.37207794189453
2012-08-17,111.52115631103516
2012-08-20,111.52896881103516
2012-08-21,111.19169616699219
2012-08-22,111.23873901367188
2012-08-23,110.3288803100586
2012-08-24,110.99561309814453
2012-08-27,111.01910400390625
2012-08-28,110.9093246459961
2012-08-29,110.99561309814453
2012-08-30,110.19554901123047
2012-08-31,110.72108459472656
2012-09-04,110.61908721923828
2012-09-05,110.52496337890625
2012-09-06,112.76824188232422
2012-09-07,113.20748138427734
2012-09-10,112.56428527832031
2012-09-11,112.8780517578125
2012-09-12,113.25458526611328
2012-09-13,114.9802017211914
2012-09-14,115.48998260498047
2012-09-17,115.09782409667969
2012-09-18,115.00369262695312
2012-09-19,115.06649017333984
2012-09-20,115.07426452636719
2012-09-21,115.02619934082031
2012-09-24,114.85270690917969
2012-09-25,113.63042449951172
2012-09-26,112.99171447753906
2012-09-27,114.05630493164062
2012-09-28,113.52793884277344
2012-10-01,113.82758331298828
2012-10-02,113.94588470458984
2012-10-03,114.41110229492188
2012-10-04,115.23123168945312
2012-10-05,115.23905944824219
2012-10-08,114.84483337402344
2012-10-09,113.70931243896484
2012-10-10,112.98387908935547
2012-10-11,113.04692077636719
2012-10-12,112.67630767822266
2012-10-15,113.61466217041016
2012-10-16,114.76596069335938
2012-10-17,115.28641510009766
2012-10-18,114.98674011230469
2012-10-19,113.07060241699219
2012-10-22,113.08635711669922
2012-10-23,111.51714324951172
2012-10-24,111.20172119140625
2012-10-25,111.52503967285156
2012-10-26,111.46194458007812
2012-10-31,111.46194458007812
2012-11-01,112.62899780273438
2012-11-02,111.62754821777344
2012-11-05,111.85617065429688
2012-11-06,112.73148345947266
2012-11-07,110.17655181884766
2012-11-08,108.851806640625
2012-11-09,108.94646453857422
2012-11-12,109.033203125
2012-11-13,108.65464782714844
2012-11-14,107.18798828125
2012-11-15,107.00657653808594
2012-11-16,107.53494262695312
2012-11-19,109.71133422851562
2012-11-20,109.75867462158203
2012-11-21,109.9636459350586
2012-11-23,111.46194458007812
2012-11-26,111.22534942626953
2012-11-27,110.65760040283203
2012-11-28,111.54866790771484
2012-11-29,112.06912231445312
2012-11-30,112.09273529052734
2012-12-03,111.54080963134766
2012-12-04,111.3830795288086
2012-12-05,111.58024597167969
2012-12-06,111.95870208740234
2012-12-07,112.29782104492188
2012-12-10,112.34510803222656
2012-12-11,113.11001586914062
2012-12-12,113.16519927978516
2012-12-13,112.47130584716797
2012-12-14,112.05335235595703
2012-12-17,113.37023162841797
2012-12-18,114.6319351196289
2012-12-19,113.78026580810547
2012-12-20,114.43478393554688
2012-12-21,113.39608001708984
2012-12-24,113.04662322998047
2012-12-26,112.57012176513672
2012-12-27,112.41923522949219
2012-12-28,111.20418548583984
2012-12-31,113.09426879882812
2013-01-02,115.99286651611328
2013-01-03,115.73079681396484
2013-01-04,116.23908233642578
2013-01-07,115.92141723632812
2013-01-08,115.587890625
2013-01-09,115.88168334960938
2013-01-10,116.80289459228516
2013-01-11,116.79501342773438
2013-01-14,116.715576171875
2013-01-15,116.79501342773438
2013-01-16,116.77912139892578
2013-01-17,117.53353881835938
2013-01-18,117.79557800292969
2013-01-22,118.43092346191406
2013-01-23,118.62152862548828
2013-01-24,118.65335083007812
2013-01-25,119.32039642333984
2013-01-28,119.17744445800781
2013-01-29,119.64595794677734
2013-01-30,119.17744445800781
2013-01-31,118.883544921875
2013-02-01,120.1065673828125
2013-02-04,118.75653076171875
2013-02-05,119.95563507080078
2013-02-06,120.04302978515625
2013-02-07,119.88417053222656
2013-02-08,120.5512466430664
2013-02-11,120.52743530273438
2013-02-12,120.72598266601562
2013-02-13,120.82925415039062
2013-02-14,120.9404067993164
2013-02-15,120.79745483398438
2013-02-19,121.70280456542969
2013-02-20,120.18598937988281
2013-02-21,119.4553451538086
2013-02-22,120.6227798461914
2013-02-25,118.32765197753906
2013-02-26,119.13770294189453
2013-02-27,120.63860321044922
2013-02-28,120.40038299560547
2013-03-01,120.79745483398438
2013-03-04,121.44078826904297
2013-03-05,122.52872467041016
2013-03-06,122.69548797607422
2013-03-07,122.9178466796875
2013-03-08,123.44197082519531
2013-03-11,123.91056060791016
2013-03-12,123.63258361816406
2013-03-13,123.80732727050781
2013-03-14,124.4664077758789
2013-03-15,124.30213928222656
2013-03-18,123.61612701416016
2013-03-19,123.32897186279297
2013-03-20,124.19039916992188
2013-03-21,123.1295394897461
2013-03-22,124.11862182617188
2013-03-25,123.60015869140625
2013-03-26,124.58926391601562
2013-03-27,124.58926391601562
2013-03-28,124.97217559814453
2013-04-01,124.47760009765625
2013-04-02,125.091796875
2013-04-03,123.82350158691406
2013-04-04,124.32601928710938
2013-04-05,123.7676773071289
2013-04-08,124.60526275634766
2013-04-09,125.03597259521484
2013-04-10,126.56748962402344
2013-04-11,126.9822998046875
2013-04-12,126.67113494873047
2013-04-15,123.73572540283203
2013-04-16,125.56246185302734
2013-04-17,123.72776794433594
2013-04-18,122.95402526855469
2013-04-19,124.02289581298828
2013-04-22,124.57329559326172
2013-04-23,125.8575668334961
2013-04-24,125.93728637695312
2013-04-25,126.4478759765625
2013-04-26,126.22447204589844
2013-04-29,127.07005310058594
2013-04-30,127.37316131591797
2013-05-01,126.25643157958984
2013-05-02,127.42904663085938
2013-05-03,128.7212371826172
2013-05-06,129.04827880859375
2013-05-07,129.70236206054688
2013-05-08,130.29261779785156
2013-05-09,129.92578125
2013-05-10,130.34852600097656
2013-05-13,130.45216369628906
2013-05-14,131.80027770996094
2013-05-15,132.51019287109375
2013-05-16,131.8880157470703
2013-05-17,133.16427612304688
2013-05-20,133.1562957763672
2013-05-21,133.3477020263672
2013-05-22,132.35870361328125
2013-05-23,131.9757080078125
2013-05-24,131.8640899658203
2013-05-28,132.6537628173828
2013-05-29,131.79229736328125
2013-05-30,132.2788848876953
2013-05-31,130.38037109375
2013-06-03,131.09832763671875
2013-06-04,130.46810913085938
2013-06-05,128.64149475097656
2013-06-06,129.80604553222656
2013-06-07,131.45730590820312
2013-06-10,131.45730590820312
2013-06-11,130.10118103027344
2013-06-12,129.02438354492188
2013-06-13,130.9866485595703
2013-06-14,130.1650390625
2013-06-17,131.1701202392578
2013-06-18,132.20706176757812
2013-06-19,130.38037109375
2013-06-20,127.1498031616211
2013-06-21,127.55802154541016
2013-06-24,125.94615173339844
2013-06-25,127.15701293945312
2013-06-26,128.4160614013672
2013-06-27,129.16983032226562
2013-06-28,128.64053344726562
2013-07-01,129.3943634033203
2013-07-02,129.27406311035156
2013-07-03,129.33016967773438
2013-07-05,130.72544860839844
2013-07-08,131.47119140625
2013-07-09,132.41749572753906
2013-07-10,132.4655303955078
2013-07-11,134.26988220214844
2013-07-12,134.3260040283203
2013-07-15,134.8392333984375
2013-07-16,134.33401489257812
2013-07-17,134.67889404296875
2013-07-18,135.4165802001953
2013-07-19,135.65719604492188
2013-07-22,135.9217987060547
2013-07-23,135.63304138183594
2013-07-24,135.13589477539062
2013-07-25,135.46470642089844
2013-07-26,135.6090545654297
2013-07-29,135.1920928955078
2013-07-30,135.1920928955078
2013-07-31,135.28829956054688
2013-08-01,136.85203552246094
2013-08-02,137.0845489501953
2013-08-05,136.884033203125
2013-08-06,136.10618591308594
2013-08-07,135.66514587402344
2013-08-08,136.1623077392578
2013-08-09,135.76937866210938
2013-08-12,135.6090545654297
2013-08-13,136.00997924804688
2013-08-14,135.3123779296875
2013-08-15,133.41981506347656
2013-08-16,132.9788055419922
2013-08-19,132.12876892089844
2013-08-20,132.77833557128906
2013-08-21,131.9604034423828
2013-08-22,133.16326904296875
2013-08-23,133.61228942871094
2013-08-26,133.11512756347656
2013-08-27,130.97402954101562
2013-08-28,131.43917846679688
2013-08-29,131.64767456054688
2013-08-30,131.2306365966797
2013-09-03,131.82406616210938
2013-09-04,132.91470336914062
2013-09-05,133.0830535888672
2013-09-06,133.14718627929688
2013-09-09,134.42225646972656
2013-09-10,135.4165802001953
2013-09-11,135.84165954589844
2013-09-12,135.4807586669922
2013-09-13,135.78549194335938
2013-09-16,136.57130432128906
2013-09-17,137.18072509765625
2013-09-18,138.76852416992188
2013-09-19,138.5359649658203
2013-09-20,137.56739807128906
2013-09-23,136.93080139160156
2013-09-24,136.60850524902344
2013-09-25,136.213623046875
2013-09-26,136.73741149902344
2013-09-27,136.10890197753906
2013-09-30,135.38360595703125
2013-10-01,136.4554443359375
2013-10-02,136.32644653320312
2013-10-03,135.0694122314453
2013-10-04,136.09275817871094
2013-10-07,134.916259765625
2013-10-08,133.34495544433594
2013-10-09,133.441650390625
2013-10-10,136.3184051513672
2013-10-11,137.1967010498047
2013-10-14,137.7447052001953
2013-10-15,136.7454376220703
2013-10-16,138.65524291992188
2013-10-17,139.58189392089844
2013-10-18,140.52474975585938
2013-10-21,140.53274536132812
2013-10-22,141.34664916992188
2013-10-23,140.66976928710938
2013-10-24,141.13710021972656
2013-10-25,141.7816925048828
2013-10-28,142.00738525390625
2013-10-29,142.76483154296875
2013-10-30,142.0557403564453
2013-10-31,141.65283203125
2013-11-01,141.9912872314453
2013-11-04,142.4908447265625
2013-11-05,142.0395965576172
2013-11-06,142.76483154296875
2013-11-07,140.95985412597656
2013-11-08,142.8615264892578
2013-11-11,142.88571166992188
2013-11-12,142.59559631347656
2013-11-13,143.73985290527344
2013-11-14,144.45706176757812
2013-11-15,145.08563232421875
2013-11-18,144.57798767089844
2013-11-19,144.263671875
2013-11-20,143.81239318847656
2013-11-21,144.97280883789062
2013-11-22,145.6979522705078
2013-11-25,145.55294799804688
2013-11-26,145.59323120117188
2013-11-27,145.94775390625
2013-11-29,145.85107421875
2013-12-02,145.47235107421875
2013-12-03,144.84381103515625
2013-12-04,144.8277130126953
2013-12-05,144.1912078857422
2013-12-06,145.802734375
2013-12-09,146.17343139648438
2013-12-10,145.64964294433594
2013-12-11,144.01380920410156
2013-12-12,143.53846740722656
2013-12-13,143.5222625732422
2013-12-16,144.41671752929688
2013-12-17,143.95741271972656
2013-12-18,146.41513061523438
2013-12-19,146.24594116210938
2013-12-20,147.09657287597656
2013-12-23,147.88250732421875
2013-12-24,148.20652770996094
2013-12-26,148.9600067138672
2013-12-27,148.95193481445312
2013-12-30,148.92764282226562
2013-12-31,149.63253784179688
2014-01-02,148.19851684570312
2014-01-03,148.17416381835938
2014-01-06,147.7447509765625
2014-01-07,148.6522216796875
2014-01-08,148.68455505371094
2014-01-09,148.7817840576172
2014-01-10,149.18690490722656
2014-01-13,147.20191955566406
2014-01-14,148.8061065673828
2014-01-15,149.6082763671875
2014-01-16,149.4137420654297
2014-01-17,148.7817840576172
2014-01-21,149.21929931640625
2014-01-22,149.31654357910156
2014-01-23,148.09312438964844
2014-01-24,144.9334259033203
2014-01-27,144.22042846679688
2014-01-28,145.07928466796875
2014-01-29,143.68576049804688
2014-01-30,145.20892333984375
2014-01-31,144.35818481445312
2014-02-03,141.10939025878906
2014-02-04,142.09780883789062
2014-02-05,141.91957092285156
2014-02-06,143.791015625
2014-02-07,145.57347106933594
2014-02-10,145.84085083007812
2014-02-11,147.4368896484375
2014-02-12,147.50987243652344
2014-02-13,148.27145385742188
2014-02-14,149.0897216796875
2014-02-18,149.26792907714844
2014-02-19,148.27952575683594
2014-02-20,149.15457153320312
2014-02-21,148.98435974121094
2014-02-24,149.81072998046875
2014-02-25,149.7540283203125
2014-02-26,149.76211547851562
2014-02-27,150.54798889160156
2014-02-28,150.92877197265625
2014-03-03,149.86740112304688
2014-03-04,151.9739227294922
2014-03-05,152.11166381835938
2014-03-06,152.4600372314453
2014-03-07,152.52484130859375
2014-03-10,152.44384765625
2014-03-11,151.69033813476562
2014-03-12,151.7308349609375
2014-03-13,150.02943420410156
2014-03-14,149.6082763671875
2014-03-17,150.96121215820312
2014-03-18,152.03872680664062
2014-03-19,151.22857666015625
2014-03-20,152.11166381835938
2014-03-21,151.52171325683594
2014-03-24,150.89508056640625
2014-03-25,151.6111602783203
2014-03-26,150.52078247070312
2014-03-27,150.203369140625
2014-03-28,150.9438934326172
2014-03-31,152.18080139160156
2014-04-01,153.1898956298828
2014-04-02,153.70249938964844
2014-04-03,153.4990692138672
2014-04-04,151.68443298339844
2014-04-07,150.00811767578125
2014-04-08,150.6265411376953
2014-04-09,152.24594116210938
2014-04-10,149.04783630371094
2014-04-11,147.7051239013672
2014-04-14,148.86886596679688
2014-04-15,149.8941650390625
2014-04-16,151.4647216796875
2014-04-17,151.6763153076172
2014-04-21,152.2052459716797
2014-04-22,152.89697265625
2014-04-23,152.53880310058594
2014-04-24,152.84811401367188
2014-04-25,151.59494018554688
2014-04-28,152.07505798339844
2014-04-29,152.7830352783203
2014-04-30,153.2387237548828
2014-05-01,153.25494384765625
2014-05-02,153.03524780273438
2014-05-05,153.32821655273438
2014-05-06,151.99366760253906
2014-05-07,152.88880920410156
2014-05-08,152.7259979248047
2014-05-09,152.953857421875
2014-05-12,154.443115234375
2014-05-13,154.5814666748047
2014-05-14,153.8489990234375
2014-05-15,152.49818420410156
2014-05-16,153.027099609375
2014-05-19,153.58859252929688
2014-05-20,152.6202850341797
2014-05-21,153.90599060058594
2014-05-22,154.2803497314453
2014-05-23,154.8987579345703
2014-05-27,155.85089111328125
2014-05-28,155.73692321777344
2014-05-29,156.5425567626953
2014-05-30,156.79481506347656
2014-06-02,156.97381591796875
2014-06-03,156.89256286621094
2014-06-04,157.2098846435547
2014-06-05,158.23516845703125
2014-06-06,158.99197387695312
2014-06-09,159.15467834472656
2014-06-10,159.17100524902344
2014-06-11,158.61764526367188
2014-06-12,157.49464416503906
2014-06-13,157.97476196289062
2014-06-16,158.10498046875
2014-06-17,158.54437255859375
2014-06-18,159.70811462402344
2014-06-19,159.88710021972656
2014-06-20,160.21168518066406
2014-06-23,160.1626739501953
2014-06-24,159.1977996826172
2014-06-25,159.9173583984375
2014-06-26,159.8029022216797
2014-06-27,160.11358642578125
2014-06-30,160.0318145751953
2014-07-01,161.10296630859375
2014-07-02,161.26646423339844
2014-07-03,162.05960083007812
2014-07-07,161.49539184570312
2014-07-08,160.4569854736328
2014-07-09,161.176513671875
2014-07-10,160.53871154785156
2014-07-11,160.7595672607422
2014-07-14,161.5690155029297
2014-07-15,161.26646423339844
2014-07-16,161.86343383789062
2014-07-17,160.02366638183594
2014-07-18,161.65904235839844
2014-07-21,161.35641479492188
2014-07-22,162.05960083007812
2014-07-23,162.41941833496094
2014-07-24,162.4275360107422
2014-07-25,161.66712951660156
2014-07-28,161.73257446289062
2014-07-29,161.0375518798828
2014-07-30,161.0620574951172
2014-07-31,157.88134765625
2014-08-01,157.3989715576172
2014-08-04,158.53550720214844
2014-08-05,156.998291015625
2014-08-06,157.04736328125
2014-08-07,156.197021484375
2014-08-08,158.00401306152344
2014-08-11,158.46192932128906
2014-08-12,158.2411651611328
2014-08-13,159.3123321533203
2014-08-14,160.06451416015625
2014-08-15,160.0318145751953
2014-08-18,161.37278747558594
2014-08-19,162.2149658203125
2014-08-20,162.6483612060547
2014-08-21,163.12254333496094
2014-08-22,162.86907958984375
2014-08-25,163.6949462890625
2014-08-26,163.80117797851562
2014-08-27,163.73580932617188
2014-08-28,163.6458282470703
2014-08-29,164.1119842529297
2014-09-02,164.03016662597656
2014-09-03,163.9402313232422
2014-09-04,163.70306396484375
2014-09-05,164.43896484375
2014-09-08,164.01382446289062
2014-09-09,162.97540283203125
2014-09-10,163.58868408203125
2014-09-11,163.77667236328125
2014-09-12,162.82009887695312
2014-09-15,162.69741821289062
2014-09-16,163.92384338378906
2014-09-17,164.14462280273438
2014-09-18,165.01953125
2014-09-19,164.8708038330078
2014-09-22,163.59762573242188
2014-09-23,162.66104125976562
2014-09-24,163.93438720703125
2014-09-25,161.28919982910156
2014-09-26,162.5706787109375
2014-09-29,162.27499389648438
2014-09-30,161.84780883789062
2014-10-01,159.6544952392578
2014-10-02,159.6791229248047
2014-10-03,161.4370880126953
2014-10-06,161.24810791015625
2014-10-07,158.759033203125
2014-10-08,161.53562927246094
2014-10-09,158.33189392089844
2014-10-10,156.5246124267578
2014-10-13,153.95335388183594
2014-10-14,154.19161987304688
2014-10-15,153.14830017089844
2014-10-16,153.0169219970703
2014-10-17,154.82415771484375
2014-10-20,156.32745361328125
2014-10-21,159.4244384765625
2014-10-22,158.29083251953125
2014-10-23,160.13088989257812
2014-10-24,161.3630828857422
2014-10-27,161.1413116455078
2014-10-28,162.9896697998047
2014-10-29,162.7432403564453
2014-10-30,163.78646850585938
2014-10-31,165.6594696044922
2014-11-03,165.74978637695312
2014-11-04,165.1748046875
2014-11-05,166.21807861328125
2014-11-06,166.88345336914062
2014-11-07,167.03952026367188
2014-11-10,167.56527709960938
2014-11-11,167.7296142578125
2014-11-12,167.5488739013672
2014-11-13,167.73777770996094
2014-11-14,167.7788848876953
2014-11-17,167.88568115234375
2014-11-18,168.85501098632812
2014-11-19,168.58395385742188
2014-11-20,168.87965393066406
2014-11-21,169.78321838378906
2014-11-24,170.25973510742188
2014-11-25,170.13653564453125
2014-11-26,170.57191467285156
2014-11-28,170.21043395996094
2014-12-01,169.02749633789062
2014-12-02,170.1201629638672
2014-12-03,170.77732849121094
2014-12-04,170.58831787109375
2014-12-05,170.86764526367188
2014-12-08,169.72581481933594
2014-12-09,169.61077880859375
2014-12-10,166.89170837402344
2014-12-11,167.73777770996094
2014-12-12,165.0269317626953
2014-12-15,163.89329528808594
2014-12-16,162.5789337158203
2014-12-17,165.7662353515625
2014-12-18,169.8654327392578
2014-12-19,170.58816528320312
2014-12-22,171.3729248046875
2014-12-23,171.60418701171875
2014-12-24,171.62071228027344
2014-12-26,172.1741180419922
2014-12-29,172.40542602539062
2014-12-30,171.48036193847656
2014-12-31,169.77874755859375
2015-01-02,169.68785095214844
2015-01-05,166.6233367919922
2015-01-06,165.0538787841797
2015-01-07,167.1107177734375
2015-01-08,170.07606506347656
2015-01-09,168.71315002441406
2015-01-12,167.3914794921875
2015-01-13,166.92068481445312
2015-01-14,165.91293334960938
2015-01-15,164.3931121826172
2015-01-16,166.54904174804688
2015-01-20,166.90419006347656
2015-01-21,167.74671936035156
2015-01-22,170.24127197265625
2015-01-23,169.3079071044922
2015-01-26,169.70431518554688
2015-01-27,167.4658966064453
2015-01-28,165.31822204589844
2015-01-29,166.8463592529297
2015-01-30,164.74830627441406
2015-02-02,166.78854370117188
2015-02-03,169.2004852294922
2015-02-04,168.5561981201172
2015-02-05,170.2578125
2015-02-06,169.78695678710938
2015-02-09,169.02703857421875
2015-02-10,170.82774353027344
2015-02-11,170.92686462402344
2015-02-12,172.57064819335938
2015-02-13,173.28097534179688
2015-02-17,173.5535430908203
2015-02-18,173.57009887695312
2015-02-19,173.44618225097656
2015-02-20,174.48695373535156
2015-02-23,174.462158203125
2015-02-24,174.9578399658203
2015-02-25,174.8091278076172
2015-02-26,174.60263061523438
2015-02-27,174.00790405273438
2015-03-02,175.10650634765625
2015-03-03,174.387939453125
2015-03-04,173.6527099609375
2015-03-05,173.84271240234375
2015-03-06,171.39768981933594
2015-03-09,172.10804748535156
2015-03-10,169.31613159179688
2015-03-11,168.91966247558594
2015-03-12,171.06729125976562
2015-03-13,170.0182342529297
2015-03-16,172.28977966308594
2015-03-17,171.77769470214844
2015-03-18,173.84271240234375
2015-03-19,173.04974365234375
2015-03-20,174.57728576660156
2015-03-23,174.2369842529297
2015-03-24,173.2579803466797
2015-03-25,170.71914672851562
2015-03-26,170.31256103515625
2015-03-27,170.7024688720703
2015-03-30,172.78501892089844
2015-03-31,171.27503967285156
2015-04-01,170.6693115234375
2015-04-02,171.28329467773438
2015-04-06,172.4365997314453
2015-04-07,171.980224609375
2015-04-08,172.56101989746094
2015-04-09,173.32435607910156
2015-04-10,174.27020263671875
2015-04-13,173.48196411132812
2015-04-14,173.81393432617188
2015-04-15,174.59378051757812
2015-04-16,174.54405212402344
2015-04-17,172.53610229492188
2015-04-20,174.11253356933594
2015-04-21,173.90516662597656
2015-04-22,174.75978088378906
2015-04-23,175.19949340820312
2015-04-24,175.6060028076172
2015-04-27,174.87594604492188
2015-04-28,175.43182373046875
2015-04-29,174.7100067138672
2015-04-30,172.95928955078125
2015-05-01,174.83441162109375
2015-05-04,175.33224487304688
2015-05-05,173.32435607910156
2015-05-06,172.61083984375
2015-05-07,173.2994384765625
2015-05-08,175.58119201660156
2015-05-11,174.74314880371094
2015-05-12,174.22044372558594
2015-05-13,174.253662109375
2015-05-14,176.07066345214844
2015-05-15,176.2615203857422
2015-05-18,176.80909729003906
2015-05-19,176.75099182128906
2015-05-20,176.62657165527344
2015-05-21,177.14093017578125
2015-05-22,176.7178497314453
2015-05-26,174.81776428222656
2015-05-27,176.47718811035156
2015-05-28,176.27809143066406
2015-05-29,175.18289184570312
2015-06-01,175.53964233398438
2015-06-02,175.36538696289062
2015-06-03,175.83004760742188
2015-06-04,174.3448944091797
2015-06-05,174.04620361328125
2015-06-08,172.9758758544922
2015-06-09,172.9509735107422
2015-06-10,175.0252227783203
2015-06-11,175.58941650390625
2015-06-12,174.24534606933594
2015-06-15,173.49862670898438
2015-06-16,174.44444274902344
2015-06-17,174.72654724121094
2015-06-18,176.54359436035156
2015-06-19,175.75987243652344
2015-06-22,176.66029357910156
2015-06-23,176.7853240966797
2015-06-24,175.50144958496094
2015-06-25,174.9678192138672
2015-06-26,174.93446350097656
2015-06-29,171.26605224609375
2015-06-30,171.62451171875
2015-07-01,173.00022888183594
2015-07-02,172.84182739257812
2015-07-06,172.349853515625
2015-07-07,173.43373107910156
2015-07-08,170.5240478515625
2015-07-09,170.8324737548828
2015-07-10,172.98353576660156
2015-07-13,174.89279174804688
2015-07-14,175.65151977539062
2015-07-15,175.59315490722656
2015-07-16,177.00213623046875
2015-07-17,177.15219116210938
2015-07-20,177.24391174316406
2015-07-21,176.54354858398438
2015-07-22,176.22674560546875
2015-07-23,175.23464965820312
2015-07-24,173.41708374023438
2015-07-27,172.40830993652344
2015-07-28,174.52598571777344
2015-07-29,175.72657775878906
2015-07-30,175.76821899414062
2015-07-31,175.50144958496094
2015-08-03,174.90948486328125
2015-08-04,174.56765747070312
2015-08-05,175.14288330078125
2015-08-06,173.70889282226562
2015-08-07,173.37538146972656
2015-08-10,175.55982971191406
2015-08-11,173.97569274902344
2015-08-12,174.1841278076172
2015-08-13,173.96731567382812
2015-08-14,174.60098266601562
2015-08-17,175.5764617919922
2015-08-18,175.06785583496094
2015-08-19,173.6838836669922
2015-08-20,170.05712890625
2015-08-21,164.93792724609375
2015-08-24,157.992919921875
2015-08-25,156.1337432861328
2015-08-26,162.12831115722656
2015-08-27,166.1385955810547
2015-08-28,166.14688110351562
2015-08-31,164.80455017089844
2015-09-01,159.8855743408203
2015-09-02,162.92031860351562
2015-09-03,163.0370635986328
2015-09-04,160.5692138671875
2015-09-08,164.6045379638672
2015-09-09,162.4033966064453
2015-09-10,163.28717041015625
2015-09-11,164.02915954589844
2015-09-14,163.42051696777344
2015-09-15,165.46319580078125
2015-09-16,166.89723205566406
2015-09-17,166.52207946777344
2015-09-18,163.8008575439453
2015-09-21,164.64730834960938
2015-09-22,162.51023864746094
2015-09-23,162.2504425048828
2015-09-24,161.66380310058594
2015-09-25,161.62188720703125
2015-09-28,157.56565856933594
2015-09-29,157.65782165527344
2015-09-30,160.5994110107422
2015-10-01,161.01849365234375
2015-10-02,163.42372131347656
2015-10-05,166.3319091796875
2015-10-06,165.76194763183594
2015-10-07,167.1196746826172
2015-10-08,168.628173828125
2015-10-09,168.72869873046875
2015-10-12,168.88795471191406
2015-10-13,167.82362365722656
2015-10-14,167.01902770996094
2015-10-15,169.5835418701172
2015-10-16,170.35459899902344
2015-10-19,170.43841552734375
2015-10-20,170.22047424316406
2015-10-21,169.16452026367188
2015-10-22,172.02235412597656
2015-10-23,173.9080047607422
2015-10-26,173.48062133789062
2015-10-27,173.1453857421875
2015-10-28,175.11480712890625
2015-10-29,175.0142822265625
2015-10-30,174.260009765625
2015-11-02,176.3216552734375
2015-11-03,176.83287048339844
2015-11-04,176.29653930664062
2015-11-05,176.1204833984375
2015-11-06,176.0283203125
2015-11-09,174.38565063476562
2015-11-10,174.7880096435547
2015-11-11,174.1007537841797
2015-11-12,171.6703338623047
2015-11-13,169.74273681640625
2015-11-16,172.32406616210938
2015-11-17,172.19830322265625
2015-11-18,174.9304656982422
2015-11-19,174.77960205078125
2015-11-20,175.41651916503906
2015-11-23,175.2153778076172
2015-11-24,175.45004272460938
2015-11-25,175.42491149902344
2015-11-27,175.62603759765625
2015-11-30,174.89691162109375
2015-12-01,176.56463623046875
2015-12-02,174.76283264160156
2015-12-03,172.31564331054688
2015-12-04,175.67633056640625
2015-12-07,174.61196899414062
2015-12-08,173.43869018554688
2015-12-09,172.08935546875
2015-12-10,172.5335693359375
2015-12-11,169.18963623046875
2015-12-14,170.0445098876953
2015-12-15,171.82957458496094
2015-12-16,174.34375
2015-12-17,171.6870880126953
2015-12-18,168.62850952148438
2015-12-21,170.0194854736328
2015-12-22,171.5623321533203
2015-12-23,173.68682861328125
2015-12-24,173.40020751953125
2015-12-28,173.00396728515625
2015-12-29,174.8502655029297
2015-12-30,173.61099243164062
2015-12-31,171.87423706054688
2016-01-04,169.4715118408203
2016-01-05,169.75816345214844
2016-01-06,167.61685180664062
2016-01-07,163.595458984375
2016-01-08,161.7997283935547
2016-01-11,161.9599151611328
2016-01-12,163.2667236328125
2016-01-13,159.1946563720703
2016-01-14,161.80813598632812
2016-01-15,158.33474731445312
2016-01-19,158.54551696777344
2016-01-20,156.51376342773438
2016-01-21,157.39051818847656
2016-01-22,160.61940002441406
2016-01-25,158.19142150878906
2016-01-26,160.3496856689453
2016-01-27,158.60452270507812
2016-01-28,159.43069458007812
2016-01-29,163.31723022460938
2016-02-01,163.25819396972656
2016-02-02,160.31594848632812
2016-02-03,161.27706909179688
2016-02-04,161.52996826171875
2016-02-05,158.4528350830078
2016-02-08,156.31982421875
2016-02-09,156.32826232910156
2016-02-10,156.1934051513672
2016-02-11,154.16160583496094
2016-02-12,157.3399658203125
2016-02-16,159.99559020996094
2016-02-17,162.6090545654297
2016-02-18,161.94302368164062
2016-02-19,161.86715698242188
2016-02-22,164.21087646484375
2016-02-23,162.13697814941406
2016-02-24,162.8788299560547
2016-02-25,164.85157775878906
2016-02-26,164.4722137451172
2016-02-29,163.18228149414062
2016-03-01,167.01824951171875
2016-03-02,167.76858520507812
2016-03-03,168.42617797851562
2016-03-04,168.97413635253906
2016-03-07,169.10899353027344
2016-03-08,167.2626953125
2016-03-09,168.08889770507812
2016-03-10,168.22384643554688
2016-03-11,170.93846130371094
2016-03-14,170.71929931640625
2016-03-15,170.4410858154297
2016-03-16,171.4274444580078
2016-03-17,172.5149688720703
2016-03-18,173.19296264648438
2016-03-21,173.43865966796875
2016-03-22,173.34544372558594
2016-03-23,172.2014617919922
2016-03-24,172.12521362304688
2016-03-28,172.22686767578125
2016-03-29,173.8199920654297
2016-03-30,174.5826873779297
2016-03-31,174.1589813232422
2016-04-01,175.34536743164062
2016-04-04,174.7775115966797
2016-04-05,173.0319366455078
2016-04-06,174.92161560058594
2016-04-07,172.82852172851562
2016-04-08,173.2946319580078
2016-04-11,172.88787841796875
2016-04-12,174.4978485107422
2016-04-13,176.26051330566406
2016-04-14,176.26895141601562
2016-04-15,176.07411193847656
2016-04-18,177.31134033203125
2016-04-19,177.87062072753906
2016-04-20,178.0400848388672
2016-04-21,177.08250427246094
2016-04-22,177.08250427246094
2016-04-25,176.7774658203125
2016-04-26,177.04014587402344
2016-04-27,177.40451049804688
2016-04-28,175.79444885253906
2016-04-29,174.84536743164062
2016-05-02,176.23509216308594
2016-05-03,174.70127868652344
2016-05-04,173.7267608642578
2016-05-05,173.6929168701172
2016-05-06,174.3284912109375
2016-05-09,174.4724884033203
2016-05-10,176.641845703125
2016-05-11,174.9894561767578
2016-05-12,175.04025268554688
2016-05-13,173.51492309570312
2016-05-16,175.22669982910156
2016-05-17,173.59121704101562
2016-05-18,173.6420440673828
2016-05-19,173.04037475585938
2016-05-20,174.13351440429688
2016-05-23,173.89627075195312
2016-05-24,176.15036010742188
2016-05-25,177.34521484375
2016-05-26,177.39602661132812
2016-05-27,178.15878295898438
2016-05-31,177.81971740722656
2016-06-01,178.18414306640625
2016-06-02,178.72647094726562
2016-06-03,178.19261169433594
2016-06-06,179.099365234375
2016-06-07,179.37899780273438
2016-06-08,179.96371459960938
2016-06-09,179.71795654296875
2016-06-10,178.0146026611328
2016-06-13,176.641845703125
2016-06-14,176.29440307617188
2016-06-15,176.04864501953125
2016-06-16,176.57406616210938
2016-06-17,175.91647338867188
2016-06-20,177.04937744140625
2016-06-21,177.55194091796875
2016-06-22,177.26231384277344
2016-06-23,179.5707244873047
2016-06-24,173.12252807617188
2016-06-27,170.0219268798828
2016-06-28,173.08843994140625
2016-06-29,176.03573608398438
2016-06-30,178.43785095214844
2016-07-01,178.8126678466797
2016-07-05,177.5264129638672
2016-07-06,178.59112548828125
2016-07-07,178.48045349121094
2016-07-08,181.13807678222656
2016-07-11,181.77688598632812
2016-07-12,183.09725952148438
2016-07-13,183.07177734375
2016-07-14,184.09388732910156
2016-07-15,183.84683227539062
2016-07-18,184.34088134765625
2016-07-19,184.1535186767578
2016-07-20,184.9202117919922
2016-07-21,184.2216339111328
2016-07-22,185.0478973388672
2016-07-25,184.54539489746094
2016-07-26,184.6305694580078
2016-07-27,184.4346160888672
2016-07-28,184.6475830078125
2016-07-29,184.94570922851562
2016-08-01,184.79232788085938
2016-08-02,183.60830688476562
2016-08-03,184.1449737548828
2016-08-04,184.34088134765625
2016-08-05,185.84860229492188
2016-08-08,185.7378692626953
2016-08-09,185.84860229492188
2016-08-10,185.38861083984375
2016-08-11,186.2489776611328
2016-08-12,186.08714294433594
2016-08-15,186.623779296875
2016-08-16,185.6612091064453
2016-08-17,186.01046752929688
2016-08-18,186.4278564453125
2016-08-19,186.1552276611328
2016-08-22,186.14671325683594
2016-08-23,186.52154541015625
2016-08-24,185.56753540039062
2016-08-25,185.43975830078125
2016-08-26,185.09046936035156
2016-08-29,186.0019073486328
2016-08-30,185.69525146484375
2016-08-31,185.16714477539062
2016-09-01,185.17568969726562
2016-09-02,186.01046752929688
2016-09-06,186.57264709472656
2016-09-07,186.5556182861328
2016-09-08,186.12965393066406
2016-09-09,181.6746826171875
2016-09-12,184.28125
2016-09-13,181.63211059570312
2016-09-14,181.56399536132812
2016-09-15,183.37838745117188
2016-09-16,182.6694793701172
2016-09-19,182.7037353515625
2016-09-20,182.71226501464844
2016-09-21,184.76690673828125
2016-09-22,185.9312744140625
2016-09-23,184.9124755859375
2016-09-26,183.41433715820312
2016-09-27,184.5529327392578
2016-09-28,185.46897888183594
2016-09-29,183.79100036621094
2016-09-30,185.1778564453125
2016-10-03,184.7327117919922
2016-10-04,183.79100036621094
2016-10-05,184.60430908203125
2016-10-06,184.7327117919922
2016-10-07,184.0991668701172
2016-10-10,185.05804443359375
2016-10-11,182.72084045410156
2016-10-12,182.9605712890625
2016-10-13,182.36129760742188
2016-10-14,182.4554443359375
2016-10-17,181.82191467285156
2016-10-18,182.9605712890625
2016-10-19,183.44854736328125
2016-10-20,183.10610961914062
2016-10-21,183.19171142578125
2016-10-24,183.9707489013672
2016-10-25,183.35433959960938
2016-10-26,182.98626708984375
2016-10-27,182.49822998046875
2016-10-28,181.9589385986328
2016-10-31,181.96743774414062
2016-11-01,180.64903259277344
2016-11-02,179.56179809570312
2016-11-03,178.7399139404297
2016-11-04,178.54302978515625
2016-11-07,182.4811248779297
2016-11-08,183.30299377441406
2016-11-09,185.24639892578125
2016-11-10,185.70864868164062
2016-11-11,185.2806396484375
2016-11-14,185.42616271972656
2016-11-15,186.87301635742188
2016-11-16,186.52203369140625
2016-11-17,187.48081970214844
2016-11-18,187.06134033203125
2016-11-21,188.47390747070312
2016-11-22,188.84207153320312
2016-11-23,188.94482421875
2016-11-25,189.6468505859375
2016-11-28,188.75645446777344
2016-11-29,189.1246337890625
2016-11-30,188.67086791992188
2016-12-01,187.97740173339844
2016-12-02,188.07154846191406
2016-12-05,189.20164489746094
2016-12-06,189.8009033203125
2016-12-07,192.28366088867188
2016-12-08,192.75453186035156
2016-12-09,193.9188690185547
2016-12-12,193.69627380371094
2016-12-13,194.98898315429688
2016-12-14,193.3794708251953
2016-12-15,194.1757049560547
2016-12-16,193.79588317871094
2016-12-19,194.21786499023438
2016-12-20,194.9670867919922
2016-12-21,194.424560546875
2016-12-22,194.0886993408203
2016-12-23,194.37286376953125
2016-12-27,194.85513305664062
2016-12-28,193.24478149414062
2016-12-29,193.20169067382812
2016-12-30,192.4955596923828
2017-01-03,193.96812438964844
2017-01-04,195.12205505371094
2017-01-05,194.9670867919922
2017-01-06,195.6646728515625
2017-01-09,195.01876831054688
2017-01-10,195.01876831054688
2017-01-11,195.56991577148438
2017-01-12,195.0790557861328
2017-01-13,195.52685546875
2017-01-17,194.83790588378906
2017-01-18,195.2685089111328
2017-01-19,194.54515075683594
2017-01-20,195.2598876953125
2017-01-23,194.75177001953125
2017-01-24,196.00051879882812
2017-01-25,197.69692993164062
2017-01-26,197.4902801513672
2017-01-27,197.1802978515625
2017-01-30,195.95738220214844
2017-01-31,195.9402313232422
2017-02-01,196.0177001953125
2017-02-02,196.14688110351562
2017-02-03,197.49891662597656
2017-02-06,197.1458282470703
2017-02-07,197.1544189453125
2017-02-08,197.41285705566406
2017-02-09,198.583984375
2017-02-10,199.3675994873047
2017-02-13,200.45269775390625
2017-02-14,201.25357055664062
2017-02-15,202.30416870117188
2017-02-16,202.1319580078125
2017-02-17,202.45053100585938
2017-02-21,203.6562042236328
2017-02-22,203.4753875732422
2017-02-23,203.61314392089844
2017-02-24,203.87152099609375
2017-02-27,204.1901397705078
2017-02-28,203.6389923095703
2017-03-01,206.48936462402344
2017-03-02,205.1890106201172
2017-03-03,205.31825256347656
2017-03-06,204.7068328857422
2017-03-07,204.09544372558594
2017-03-08,203.71649169921875
2017-03-09,203.974853515625
2017-03-10,204.68960571289062
2017-03-13,204.79295349121094
2017-03-14,204.00927734375
2017-03-15,205.77468872070312
2017-03-16,205.36993408203125
2017-03-17,205.0092315673828
2017-03-20,204.78439331054688
2017-03-21,202.15504455566406
2017-03-22,202.6307830810547
2017-03-23,202.41453552246094
2017-03-24,202.2675018310547
2017-03-27,202.05987548828125
2017-03-28,203.53025817871094
2017-03-29,203.7205352783203
2017-03-30,204.3691864013672
2017-03-31,203.89353942871094
2017-04-03,203.53892517089844
2017-04-04,203.66864013671875
2017-04-05,203.063232421875
2017-04-06,203.63406372070312
2017-04-07,203.42648315429688
2017-04-10,203.54754638671875
2017-04-11,203.3053741455078
2017-04-12,202.41453552246094
2017-04-13,201.099853515625
2017-04-17,202.88162231445312
2017-04-18,202.276123046875
2017-04-19,201.9042205810547
2017-04-20,203.54754638671875
2017-04-21,202.8988494873047
2017-04-24,205.1302947998047
2017-04-25,206.32394409179688
2017-04-26,206.19415283203125
2017-04-27,206.3671875
2017-04-28,205.91746520996094
2017-05-01,206.43629455566406
2017-05-02,206.51419067382812
2017-05-03,206.26333618164062
2017-05-04,206.5055694580078
2017-05-05,207.3185577392578
2017-05-08,207.28399658203125
2017-05-09,207.0936737060547
2017-05-10,207.465576171875
2017-05-11,207.0418243408203
2017-05-12,206.69583129882812
2017-05-15,207.8375244140625
2017-05-16,207.64724731445312
2017-05-17,203.9627227783203
2017-05-18,204.78439331054688
2017-05-19,206.11631774902344
2017-05-22,207.1629180908203
2017-05-23,207.62130737304688
2017-05-24,208.10560607910156
2017-05-25,209.10025024414062
2017-05-26,209.05709838867188
2017-05-30,208.87538146972656
2017-05-31,208.82351684570312
2017-06-01,210.48414611816406
2017-06-02,211.1847381591797
2017-06-05,211.029052734375
2017-06-06,210.35440063476562
2017-06-07,210.7436065673828
2017-06-08,210.847412109375
2017-06-09,210.52734375
2017-06-12,210.48414611816406
2017-06-13,211.5133819580078
2017-06-14,211.24526977539062
2017-06-15,210.83876037597656
2017-06-16,210.88478088378906
2017-06-19,212.6404571533203
2017-06-20,211.20639038085938
2017-06-21,211.1542205810547
2017-06-22,211.05860900878906
2017-06-23,211.3106689453125
2017-06-26,211.44973754882812
2017-06-27,209.7462921142578
2017-06-28,211.6235809326172
2017-06-29,209.7636260986328
2017-06-30,210.15475463867188
2017-07-03,210.5111083984375
2017-07-05,210.997802734375
2017-07-06,209.068359375
2017-07-07,210.42417907714844
2017-07-10,210.6501922607422
2017-07-11,210.4936981201172
2017-07-12,212.07553100585938
2017-07-13,212.4318389892578
2017-07-14,213.42262268066406
2017-07-17,213.39657592773438
2017-07-18,213.5095672607422
2017-07-19,214.66554260253906
2017-07-20,214.76116943359375
2017-07-21,214.56991577148438
2017-07-24,214.51773071289062
2017-07-25,215.0392608642578
2017-07-26,215.0479278564453
2017-07-27,214.84799194335938
2017-07-28,214.59597778320312
2017-07-31,214.47430419921875
2017-08-01,214.9523162841797
2017-08-02,215.056640625
2017-08-03,214.63943481445312
2017-08-04,215.03054809570312
2017-08-07,215.43031311035156
2017-08-08,214.900146484375
2017-08-09,214.8914794921875
2017-08-10,211.85829162597656
2017-08-11,212.17115783691406
2017-08-14,214.2744140625
2017-08-15,214.24832153320312
2017-08-16,214.6220703125
2017-08-17,211.2759552001953
2017-08-18,210.94561767578125
2017-08-21,211.11077880859375
2017-08-22,213.31838989257812
2017-08-23,212.5535430908203
2017-08-24,212.05813598632812
2017-08-25,212.5535430908203
2017-08-28,212.56227111816406
2017-08-29,212.8055877685547
2017-08-30,213.81378173828125
2017-08-31,215.10009765625
2017-09-01,215.40428161621094
2017-09-05,213.8572235107422
2017-09-06,214.5873260498047
2017-09-07,214.56117248535156
2017-09-08,214.3091583251953
2017-09-11,216.594970703125
2017-09-12,217.32504272460938
2017-09-13,217.42933654785156
2017-09-14,217.3597869873047
2017-09-15,217.65243530273438
2017-09-18,218.11532592773438
2017-09-19,218.3336944580078
2017-09-20,218.41232299804688
2017-09-21,217.8271026611328
2017-09-22,217.8708038330078
2017-09-25,217.42535400390625
2017-09-26,217.5563507080078
2017-09-27,218.403564453125
2017-09-28,218.6656494140625
2017-09-29,219.43418884277344
2017-10-02,220.38629150390625
2017-10-03,220.85791015625
2017-10-04,221.1199493408203
2017-10-05,222.43016052246094
2017-10-06,222.17686462402344
2017-10-09,221.80995178222656
2017-10-10,222.3951873779297
2017-10-11,222.74453735351562
2017-10-12,222.41265869140625
2017-10-13,222.68341064453125
2017-10-16,222.9803924560547
2017-10-17,223.1376190185547
2017-10-18,223.35597229003906
2017-10-19,223.41712951660156
2017-10-20,224.5700225830078
2017-10-23,223.6966094970703
2017-10-24,224.08969116210938
2017-10-25,222.9803924560547
2017-10-26,223.26861572265625
2017-10-27,225.0941162109375
2017-10-30,224.2556915283203
2017-10-31,224.60498046875
2017-11-01,224.9019775390625
2017-11-02,224.9893341064453
2017-11-03,225.74041748046875
2017-11-06,226.08984375
2017-11-07,225.93258666992188
2017-11-08,226.31692504882812
2017-11-09,225.49591064453125
2017-11-10,225.42599487304688
2017-11-13,225.63563537597656
2017-11-14,225.111572265625
2017-11-15,223.98483276367188
2017-11-16,225.88894653320312
2017-11-17,225.22511291503906
2017-11-20,225.60940551757812
2017-11-21,227.08558654785156
2017-11-22,226.88465881347656
2017-11-24,227.40872192382812
2017-11-27,227.29519653320312
2017-11-28,229.60107421875
2017-11-29,229.46131896972656
2017-11-30,231.4702606201172
2017-12-01,230.98989868164062
2017-12-04,230.71034240722656
2017-12-05,229.88055419921875
2017-12-06,229.92425537109375
2017-12-07,230.64920043945312
2017-12-08,231.90692138671875
2017-12-11,232.6056671142578
2017-12-12,233.01620483398438
2017-12-13,232.99002075195312
2017-12-14,232.0379638671875
2017-12-15,233.97021484375
2017-12-18,235.4539337158203
2017-12-19,234.5496826171875
2017-12-20,234.4267120361328
2017-12-21,234.90956115722656
2017-12-22,234.84811401367188
2017-12-26,234.56716918945312
2017-12-27,234.68136596679688
2017-12-28,235.16424560546875
2017-12-29,234.2775115966797
2018-01-02,235.95420837402344
2018-01-03,237.4467315673828
2018-01-04,238.44752502441406
2018-01-05,240.03656005859375
2018-01-08,240.47544860839844
2018-01-09,241.0198516845703
2018-01-10,240.65103149414062
2018-01-11,242.406982421875
2018-01-12,243.98721313476562
2018-01-16,243.1531219482422
2018-01-17,245.4708251953125
2018-01-18,245.0581817626953
2018-01-19,246.17311096191406
2018-01-22,248.17471313476562
2018-01-23,248.7014617919922
2018-01-24,248.6048583984375
2018-01-25,248.71023559570312
2018-01-26,251.5896453857422
2018-01-29,249.92176818847656
2018-01-30,247.3582763671875
2018-01-31,247.48118591308594
2018-02-01,247.20025634765625
2018-02-02,241.81874084472656
2018-02-05,231.70526123046875
2018-02-06,236.27035522460938
2018-02-07,234.9885711669922
2018-02-08,226.1744384765625
2018-02-09,229.57192993164062
2018-02-12,232.9430389404297
2018-02-13,233.52249145507812
2018-02-14,236.6741943359375
2018-02-15,239.69418334960938
2018-02-16,239.76443481445312
2018-02-20,238.2631378173828
2018-02-21,237.0780487060547
2018-02-22,237.38526916503906
2018-02-23,241.16908264160156
2018-02-26,243.96958923339844
2018-02-27,240.92324829101562
2018-02-28,238.48265075683594
2018-03-01,235.0149688720703
2018-03-02,236.2264404296875
2018-03-05,238.95668029785156
2018-03-06,239.5625457763672
2018-03-07,239.47471618652344
2018-03-08,240.6334228515625
2018-03-09,244.8210906982422
2018-03-12,244.51385498046875
2018-03-13,242.93365478515625
2018-03-14,241.68707275390625
2018-03-15,241.4236602783203
2018-03-16,241.68551635742188
2018-03-19,238.4153289794922
2018-03-20,238.82080078125
2018-03-21,238.36244201660156
2018-03-22,232.40411376953125
2018-03-23,227.45042419433594
2018-03-26,233.67330932617188
2018-03-27,229.6981201171875
2018-03-28,229.0194091796875
2018-03-29,231.94569396972656
2018-04-02,226.93923950195312
2018-04-03,229.84799194335938
2018-04-04,232.30706787109375
2018-04-05,234.14053344726562
2018-04-06,228.92245483398438
2018-04-09,230.0507354736328
2018-04-10,233.70855712890625
2018-04-11,232.48338317871094
2018-04-12,234.39605712890625
2018-04-13,233.70855712890625
2018-04-16,235.63014221191406
2018-04-17,238.15098571777344
2018-04-18,238.3272705078125
2018-04-19,237.005126953125
2018-04-20,234.9955291748047
2018-04-23,234.9601593017578
2018-04-24,231.79586791992188
2018-04-25,232.3687744140625
2018-04-26,234.73101806640625
2018-04-27,234.95135498046875
2018-04-30,233.1444854736328
2018-05-01,233.55874633789062
2018-05-02,231.98985290527344
2018-05-03,231.4785614013672
2018-05-04,234.4753875732422
2018-05-07,235.2686767578125
2018-05-08,235.2686767578125
2018-05-09,237.5427703857422
2018-05-10,239.76394653320312
2018-05-11,240.49549865722656
2018-05-14,240.61009216308594
2018-05-15,238.95301818847656
2018-05-16,239.95779418945312
2018-05-17,239.75514221191406
2018-05-18,239.15574645996094
2018-05-21,240.95384216308594
2018-05-22,240.28399658203125
2018-05-23,240.9450225830078
2018-05-24,240.4514617919922
2018-05-25,239.87844848632812
2018-05-29,237.11968994140625
2018-05-30,240.28399658203125
2018-05-31,238.81195068359375
2018-06-01,241.1566162109375
2018-06-04,242.3023223876953
2018-06-05,242.4786376953125
2018-06-06,244.50592041015625
2018-06-07,244.4794921875
2018-06-08,245.2023162841797
2018-06-11,245.5283966064453
2018-06-12,245.84571838378906
2018-06-13,245.06126403808594
2018-06-14,245.67831420898438
2018-06-15,245.36483764648438
2018-06-18,244.86021423339844
2018-06-19,243.9216766357422
2018-06-20,244.3378448486328
2018-06-21,242.80618286132812
2018-06-22,243.2488250732422
2018-06-25,239.93748474121094
2018-06-26,240.4687042236328
2018-06-27,238.47654724121094
2018-06-28,239.840087890625
2018-06-29,240.18536376953125
2018-07-02,240.69888305664062
2018-07-03,239.8489227294922
2018-07-05,241.8056182861328
2018-07-06,243.85081481933594
2018-07-09,246.0465850830078
2018-07-10,246.93190002441406
2018-07-11,245.12574768066406
2018-07-12,247.34800720214844
2018-07-13,247.54283142089844
2018-07-16,247.32150268554688
2018-07-17,248.3219451904297
2018-07-18,248.8443603515625
2018-07-19,247.90586853027344
2018-07-20,247.6225128173828
2018-07-23,248.0829315185547
2018-07-24,249.331298828125
2018-07-25,251.4562530517578
2018-07-26,250.863037109375
2018-07-27,249.16314697265625
2018-07-30,247.861572265625
2018-07-31,249.08346557617188
2018-08-01,248.66729736328125
2018-08-02,250.02195739746094
2018-08-03,251.09327697753906
2018-08-06,252.0139923095703
2018-08-07,252.84628295898438
2018-08-08,252.73997497558594
2018-08-09,252.39480590820312
2018-08-10,250.70372009277344
2018-08-13,249.76519775390625
2018-08-14,251.35877990722656
2018-08-15,249.48175048828125
2018-08-16,251.50054931640625
2018-08-17,252.3859405517578
2018-08-20,252.926025390625
2018-08-21,253.51914978027344
2018-08-22,253.36866760253906
2018-08-23,253.03224182128906
2018-08-24,254.55506896972656
2018-08-27,256.5648498535156
2018-08-28,256.6888732910156
2018-08-29,258.07000732421875
2018-08-30,257.0252685546875
2018-08-31,257.0342102050781
2018-09-04,256.5914306640625
2018-09-05,255.90087890625
2018-09-06,255.1305389404297
2018-09-07,254.6347198486328
2018-09-10,255.07742309570312
2018-09-11,255.9185333251953
2018-09-12,255.98048400878906
2018-09-13,257.4945373535156
2018-09-14,257.5386962890625
2018-09-17,256.1753234863281
2018-09-18,257.56536865234375
2018-09-19,257.8398132324219
2018-09-20,259.9292907714844
2018-09-21,259.69183349609375
2018-09-24,258.82904052734375
2018-09-25,258.5890197753906
2018-09-26,257.815185546875
2018-09-27,258.5356140136719
2018-09-28,258.5623474121094
2018-10-01,259.4605712890625
2018-10-02,259.30938720703125
2018-10-03,259.4516296386719
2018-10-04,257.4239501953125
2018-10-05,255.98312377929688
2018-10-08,255.98312377929688
2018-10-09,255.60952758789062
2018-10-10,247.51609802246094
2018-10-11,242.06431579589844
2018-10-12,245.42611694335938
2018-10-15,244.04750061035156
2018-10-16,249.38380432128906
2018-10-17,249.42832946777344
2018-10-18,245.82630920410156
2018-10-19,245.69285583496094
2018-10-22,244.59011840820312
2018-10-23,243.3449249267578
2018-10-24,235.97190856933594
2018-10-25,240.20530700683594
2018-10-26,235.98077392578125
2018-10-29,234.67340087890625
2018-10-30,238.15086364746094
2018-10-31,240.6945343017578
2018-11-01,243.2559356689453
2018-11-02,241.8152313232422
2018-11-05,243.14926147460938
2018-11-06,244.68783569335938
2018-11-07,249.9263916015625
2018-11-08,249.4727783203125
2018-11-09,247.0358428955078
2018-11-12,242.42001342773438
2018-11-13,241.96630859375
2018-11-14,240.31210327148438
2018-11-15,242.82020568847656
2018-11-16,243.4517059326172
2018-11-19,239.333740234375
2018-11-20,234.9046173095703
2018-11-21,235.7051544189453
2018-11-23,234.1309356689453
2018-11-26,237.91075134277344
2018-11-27,238.71121215820312
2018-11-28,244.20762634277344
2018-11-29,243.6740264892578
2018-11-30,245.15921020507812
2018-12-03,248.4055938720703
2018-12-04,240.3565673828125
2018-12-06,239.99191284179688
2018-12-07,234.41549682617188
2018-12-10,234.86021423339844
2018-12-11,234.91351318359375
2018-12-12,236.096435546875
2018-12-13,236.016357421875
2018-12-14,231.65841674804688
2018-12-17,227.11363220214844
2018-12-18,226.8646240234375
2018-12-19,223.46713256835938
2018-12-20,219.82958984375
2018-12-21,215.32533264160156
2018-12-24,209.63580322265625
2018-12-26,220.22767639160156
2018-12-27,221.9184112548828
2018-12-28,221.63211059570312
2018-12-31,223.57337951660156
2019-01-02,223.8059539794922
2019-01-03,218.46534729003906
2019-01-04,225.78297424316406
2019-01-07,227.56317138671875
2019-01-08,229.7012481689453
2019-01-09,230.77474975585938
2019-01-10,231.58880615234375
2019-01-11,231.6782684326172
2019-01-14,230.2648162841797
2019-01-15,232.90386962890625
2019-01-16,233.46743774414062
2019-01-17,235.2386932373047
2019-01-18,238.36968994140625
2019-01-22,235.14926147460938
2019-01-23,235.64126586914062
2019-01-24,235.76649475097656
2019-01-25,237.76132202148438
2019-01-28,235.95433044433594
2019-01-29,235.64126586914062
2019-01-30,239.3716278076172
2019-01-31,241.4739227294922
2019-02-01,241.59019470214844
2019-02-04,243.2898712158203
2019-02-05,244.30967712402344
2019-02-06,243.98768615722656
2019-02-07,241.66180419921875
2019-02-08,241.95700073242188
2019-02-11,242.09117126464844
2019-02-12,245.2042694091797
2019-02-13,246.00051879882812
2019-02-14,245.45474243164062
2019-02-15,248.12953186035156
2019-02-19,248.55894470214844
2019-02-20,249.05999755859375
2019-02-21,248.17433166503906
2019-02-22,249.7130126953125
2019-02-25,250.0529327392578
2019-02-26,249.8740692138672
2019-02-27,249.76666259765625
2019-02-28,249.30149841308594
2019-03-01,250.8580322265625
2019-03-04,249.94557189941406
2019-03-05,249.60565185546875
2019-03-06,248.09375
2019-03-07,246.01840209960938
2019-03-08,245.52630615234375
2019-03-11,249.08677673339844
2019-03-12,250.02609252929688
2019-03-13,251.6810760498047
2019-03-14,251.52005004882812
2019-03-15,252.76272583007812
2019-03-18,253.6791534423828
2019-03-19,253.7421417236328
2019-03-20,252.9783477783203
2019-03-21,255.83567810058594
2019-03-22,250.91180419921875
2019-03-25,250.72311401367188
2019-03-26,252.59202575683594
2019-03-27,251.27113342285156
2019-03-28,252.22366333007812
2019-03-29,253.8139190673828
2019-04-01,256.8240661621094
2019-04-02,256.9498291015625
2019-04-03,257.3542175292969
2019-04-04,258.03692626953125
2019-04-05,259.2859802246094
2019-04-08,259.483642578125
2019-04-09,258.15380859375
2019-04-10,259.0343933105469
2019-04-11,258.96246337890625
2019-04-12,260.7145690917969
2019-04-15,260.5439147949219
2019-04-16,260.7145690917969
2019-04-17,260.07666015625
2019-04-18,260.58880615234375
2019-04-22,260.8134460449219
2019-04-23,263.1585693359375
2019-04-24,262.57452392578125
2019-04-25,262.4127502441406
2019-04-26,263.6347961425781
2019-04-29,264.04815673828125
2019-04-30,264.182861328125
2019-05-01,262.197021484375
2019-05-02,261.6310729980469
2019-05-03,264.19189453125
2019-05-06,263.10467529296875
2019-05-07,258.7108154296875
2019-05-08,258.35137939453125
2019-05-09,257.56976318359375
2019-05-10,258.8636779785156
2019-05-13,252.35838317871094
2019-05-14,254.64060974121094
2019-05-15,256.1321716308594
2019-05-16,258.5042724609375
2019-05-17,256.8330383300781
2019-05-20,255.1348114013672
2019-05-21,257.4350280761719
2019-05-22,256.644287109375
2019-05-23,253.50848388671875
2019-05-24,254.08349609375
2019-05-28,251.7205047607422
2019-05-29,250.03115844726562
2019-05-30,250.714111328125
2019-05-31,247.3356170654297
2019-06-03,246.70669555664062
2019-06-04,252.0618133544922
2019-06-05,254.24530029296875
2019-06-06,255.8985137939453
2019-06-07,258.45928955078125
2019-06-10,259.6453857421875
2019-06-11,259.5824279785156
2019-06-12,259.1242370605469
2019-06-13,260.1934509277344
2019-06-14,259.90594482421875
2019-06-17,260.00469970703125
2019-06-18,262.727294921875
2019-06-19,263.3201904296875
2019-06-20,265.8361511230469
2019-06-21,265.4497985839844
2019-06-24,265.12469482421875
2019-06-25,262.5243835449219
2019-06-26,262.2624816894531
2019-06-27,263.1924133300781
2019-06-28,264.5469055175781
2019-07-01,266.9486389160156
2019-07-02,267.643798828125
2019-07-03,269.78363037109375
2019-07-05,269.4765625
2019-07-08,267.9959411621094
2019-07-09,268.3299255371094
2019-07-10,269.6121520996094
2019-07-11,270.2439880371094
2019-07-12,271.4539489746094
2019-07-15,271.54425048828125
2019-07-16,270.6684875488281
2019-07-17,268.82659912109375
2019-07-18,269.8106994628906
2019-07-19,268.31195068359375
2019-07-22,268.9709167480469
2019-07-23,270.8941345214844
2019-07-24,272.1672668457031
2019-07-25,270.86712646484375
2019-07-26,272.68182373046875
2019-07-29,272.185302734375
2019-07-30,271.5172119140625
2019-07-31,268.5466613769531
2019-08-01,266.2081604003906
2019-08-02,264.2037658691406
2019-08-05,256.2583312988281
2019-08-06,259.8517761230469
2019-08-07,260.00537109375
2019-08-08,265.1066589355469
2019-08-09,263.3008117675781
2019-08-12,260.0955505371094
2019-08-13,264.1405334472656
2019-08-14,256.3305969238281
2019-08-15,257.0077209472656
2019-08-16,260.7998352050781
2019-08-19,263.9419250488281
2019-08-20,261.91943359375
2019-08-21,264.05029296875
2019-08-22,263.968994140625
2019-08-23,257.1883239746094
2019-08-26,260.0323791503906
2019-08-27,259.01214599609375
2019-08-28,260.8359680175781
2019-08-29,264.16754150390625
2019-08-30,264.05029296875
2019-09-03,262.50628662109375
2019-09-04,265.4858703613281
2019-09-05,268.8987731933594
2019-09-06,269.10638427734375
2019-09-09,269.24188232421875
2019-09-10,269.1786804199219
2019-09-11,271.09283447265625
2019-09-12,272.0318298339844
2019-09-13,271.8511657714844
2019-09-16,271.0115966796875
2019-09-17,271.69775390625
2019-09-18,271.8601989746094
2019-09-19,271.84210205078125
2019-09-20,270.557861328125
2019-09-23,270.4942321777344
2019-09-24,268.3717346191406
2019-09-25,269.9591064453125
2019-09-26,269.39678955078125
2019-09-27,267.9454345703125
2019-09-30,269.18804931640625
2019-10-01,265.98626708984375
2019-10-02,261.2875671386719
2019-10-03,263.4283447265625
2019-10-04,266.9930419921875
2019-10-07,265.8410339355469
2019-10-08,261.71405029296875
2019-10-09,264.19927978515625
2019-10-10,265.98626708984375
2019-10-11,268.7436218261719
2019-10-14,268.4443359375
2019-10-15,271.10205078125
2019-10-16,270.66656494140625
2019-10-17,271.46490478515625
2019-10-18,270.2765808105469
2019-10-21,272.10882568359375
2019-10-22,271.22003173828125
2019-10-23,272.0091247558594
2019-10-24,272.4534912109375
2019-10-25,273.5692138671875
2019-10-28,275.1111755371094
2019-10-29,275.029541015625
2019-10-30,275.8731994628906
2019-10-31,275.1383361816406
2019-11-01,277.6872863769531
2019-11-04,278.8029479980469
2019-11-05,278.4945068359375
2019-11-06,278.5579833984375
2019-11-07,279.5376892089844
2019-11-08,280.2270812988281
2019-11-11,279.69183349609375
2019-11-12,280.2814025878906
2019-11-13,280.3721923828125
2019-11-14,280.7803955078125
2019-11-15,282.8121032714844
2019-11-18,283.0207824707031
2019-11-19,282.9391174316406
2019-11-20,281.886962890625
2019-11-21,281.43353271484375
2019-11-22,282.05926513671875
2019-11-25,284.2452697753906
2019-11-26,284.88934326171875
2019-11-27,286.1592102050781
2019-11-29,285.0979309082031
2019-12-02,282.67608642578125
2019-12-03,280.7803955078125
2019-12-04,282.51287841796875
2019-12-05,283.0207824707031
2019-12-06,285.6058349609375
2019-12-09,284.7079772949219
2019-12-10,284.3905334472656
2019-12-11,285.1977233886719
2019-12-12,287.65582275390625
2019-12-13,287.82818603515625
2019-12-16,289.8055419921875
2019-12-17,289.8691101074219
2019-12-18,289.88720703125
2019-12-19,291.0754699707031
2019-12-20,292.3515930175781
2019-12-23,292.7983093261719
2019-12-24,292.8074645996094
2019-12-26,294.3660583496094
2019-12-27,294.29315185546875
2019-12-30,292.6705627441406
2019-12-31,293.3815612792969
2020-01-02,296.125244140625
2020-01-03,293.8829650878906
2020-01-06,295.00421142578125
2020-01-07,294.1745910644531
2020-01-08,295.742431640625
2020-01-09,297.74774169921875
2020-01-10,296.89105224609375
2020-01-13,298.932861328125
2020-01-14,298.4770202636719
2020-01-15,299.15142822265625
2020-01-16,301.6399841308594
2020-01-17,302.5788879394531
2020-01-21,301.986328125
2020-01-22,302.0228271484375
2020-01-23,302.3691711425781
2020-01-24,299.68023681640625
2020-01-27,294.8764953613281
2020-01-28,297.96649169921875
2020-01-29,297.7203674316406
2020-01-30,298.6866455078125
2020-01-31,293.2630920410156
2020-02-03,295.4417419433594
2020-02-04,299.9446105957031
2020-02-05,303.4084167480469
2020-02-06,304.42926025390625
2020-02-07,302.8067626953125
2020-02-10,305.0672912597656
2020-02-11,305.595947265625
2020-02-12,307.56488037109375
2020-02-13,307.23675537109375
2020-02-14,307.7289123535156
2020-02-18,306.9358825683594
2020-02-19,308.4034423828125
2020-02-20,307.1364440917969
2020-02-21,303.9735107421875
2020-02-24,293.8919982910156
2020-02-25,284.986572265625
2020-02-26,283.9383239746094
2020-02-27,271.18609619140625
2020-02-28,270.0467224121094
2020-03-02,281.7414855957031
2020-03-03,273.67449951171875
2020-03-04,285.1779479980469
2020-03-05,275.6981506347656
2020-03-06,271.1405029296875
2020-03-09,249.96592712402344
2020-03-10,262.90045166015625
2020-03-11,250.08441162109375
2020-03-12,226.1570587158203
2020-03-13,245.49041748046875
2020-03-16,218.6279296875
2020-03-17,230.43211364746094
2020-03-18,218.7646484375
2020-03-19,219.22950744628906
2020-03-20,209.78199768066406
2020-03-23,204.418212890625
2020-03-24,222.93923950195312
2020-03-25,226.27667236328125
2020-03-26,239.48892211914062
2020-03-27,232.35556030273438
2020-03-30,239.90145874023438
2020-03-31,236.3256378173828
2020-04-01,225.6898193359375
2020-04-02,230.89772033691406
2020-04-03,227.56028747558594
2020-04-06,242.8446502685547
2020-04-07,243.0922088623047
2020-04-08,251.25253295898438
2020-04-09,255.07582092285156
2020-04-13,252.74691772460938
2020-04-14,260.20123291015625
2020-04-15,254.6722869873047
2020-04-16,255.90103149414062
2020-04-17,262.8143005371094
2020-04-20,258.1840515136719
2020-04-21,250.34475708007812
2020-04-22,255.90103149414062
2020-04-23,255.8826904296875
2020-04-24,259.4493713378906
2020-04-27,263.1902160644531
2020-04-28,261.97998046875
2020-04-29,268.8382568359375
2020-04-30,266.33514404296875
2020-05-01,259.2843017578125
2020-05-04,259.99951171875
2020-05-05,262.401611328125
2020-05-06,260.62298583984375
2020-05-07,263.767822265625
2020-05-08,268.1322326660156
2020-05-11,268.1871643066406
2020-05-12,262.841796875
2020-05-13,258.1932373046875
2020-05-14,261.28314208984375
2020-05-15,262.48419189453125
2020-05-18,270.4794616699219
2020-05-19,267.701171875
2020-05-20,272.2489318847656
2020-05-21,270.3694152832031
2020-05-22,270.8828125
2020-05-26,274.22027587890625
2020-05-27,278.3003845214844
2020-05-28,277.7869567871094
2020-05-29,279.024658203125
2020-06-01,280.1524353027344
2020-06-02,282.47216796875
2020-06-03,286.2312927246094
2020-06-04,285.4794921875
2020-06-05,292.7962341308594
2020-06-08,296.3354797363281
2020-06-09,294.125732421875
2020-06-10,292.4844970703125
2020-06-11,275.62310791015625
2020-06-12,278.923828125
2020-06-15,281.5277404785156
2020-06-16,286.9465637207031
2020-06-17,285.75457763671875
2020-06-18,285.8645935058594
2020-06-19,284.23095703125
2020-06-22,286.05438232421875
2020-06-23,287.3711853027344
2020-06-24,280.04083251953125
2020-06-25,283.04290771484375
2020-06-26,276.3202819824219
2020-06-29,280.3814697265625
2020-06-30,283.97308349609375
2020-07-01,285.96221923828125
2020-07-02,287.53704833984375
2020-07-06,291.9757995605469
2020-07-07,288.9644470214844
2020-07-08,291.17462158203125
2020-07-09,289.51690673828125
2020-07-10,292.4731140136719
2020-07-13,289.9406433105469
2020-07-14,293.6979064941406
2020-07-15,296.39617919921875
2020-07-16,295.4200134277344
2020-07-17,296.27655029296875
2020-07-20,298.6708679199219
2020-07-21,299.3062438964844
2020-07-22,301.010009765625
2020-07-23,297.4183654785156
2020-07-24,295.5028991699219
2020-07-27,297.6578674316406
2020-07-28,295.7699890136719
2020-07-29,299.4076232910156
2020-07-30,298.3393859863281
2020-07-31,300.6968688964844
2020-08-03,302.7873229980469
2020-08-04,303.9569091796875
2020-08-05,305.8447570800781
2020-08-06,307.88922119140625
2020-08-07,308.1102294921875
2020-08-10,309.0311584472656
2020-08-11,306.48028564453125
2020-08-12,310.7532653808594
2020-08-13,310.1915588378906
2020-08-14,310.20074462890625
2020-08-17,311.18603515625
2020-08-18,311.8583679199219
2020-08-19,310.55987548828125
2020-08-20,311.5268859863281
2020-08-21,312.6319274902344
2020-08-24,315.79986572265625
2020-08-25,316.9049377441406
2020-08-26,320.08209228515625
2020-08-27,320.78204345703125
2020-08-28,322.85406494140625
2020-08-31,321.6845397949219
2020-09-01,324.71429443359375
2020-09-02,329.4111022949219
2020-09-03,318.0745849609375
2020-09-04,315.4775695800781
2020-09-08,306.85772705078125
2020-09-09,312.9175109863281
2020-09-10,307.4841003417969
2020-09-11,307.6405944824219
2020-09-14,311.69256591796875
2020-09-15,313.26739501953125
2020-09-16,312.0241394042969
2020-09-17,309.2798156738281
2020-09-18,305.7191467285156
2020-09-21,302.3166198730469
2020-09-22,305.39556884765625
2020-09-23,298.3130798339844
2020-09-24,299.1082763671875
2020-09-25,303.9439697265625
2020-09-28,308.9922790527344
2020-09-29,307.3094787597656
2020-09-30,309.6394958496094
2020-10-01,311.6274719238281
2020-10-02,308.668701171875
2020-10-05,314.142333984375
2020-10-06,309.676513671875
2020-10-07,315.06689453125
2020-10-08,317.859130859375
2020-10-09,320.6976623535156
2020-10-12,325.85693359375
2020-10-13,323.73046875
2020-10-14,321.6962890625
2020-10-15,321.29864501953125
2020-10-16,321.10455322265625
2020-10-19,316.2226257324219
2020-10-20,317.48931884765625
2020-10-21,316.888427734375
2020-10-22,318.6265563964844
2020-10-23,319.7084045410156
2020-10-26,313.8002014160156
2020-10-27,312.7183837890625
2020-10-28,302.0299987792969
2020-10-29,305.0996398925781
2020-10-30,301.9190979003906
2020-11-02,305.3031005859375
2020-11-03,310.6934814453125
2020-11-04,317.63726806640625
2020-11-05,323.8321228027344
2020-11-06,323.7581481933594
2020-11-09,327.826416015625
2020-11-10,327.34552001953125
2020-11-11,329.77728271484375
2020-11-12,326.57818603515625
2020-11-13,331.0994567871094
2020-11-16,335.232421875
2020-11-17,333.4295349121094
2020-11-18,329.4166259765625
2020-11-19,330.80364990234375
2020-11-20,328.538330078125
2020-11-23,330.5076904296875
2020-11-24,335.8334655761719
2020-11-25,335.31561279296875
2020-11-27,336.24951171875
2020-11-30,334.7608337402344
2020-12-01,338.4223327636719
2020-12-02,339.13427734375
2020-12-03,339.04168701171875
2020-12-04,341.963623046875
2020-12-07,341.2607727050781
2020-12-08,342.2593994140625
2020-12-09,339.1897277832031
2020-12-10,339.07879638671875
2020-12-11,338.68121337890625
2020-12-14,337.1648864746094
2020-12-15,341.7231140136719
2020-12-16,342.2593994140625
2020-12-17,344.1733093261719
2020-12-18,342.79913330078125
2020-12-21,341.5733337402344
2020-12-22,340.9976806640625
2020-12-23,341.3041076660156
2020-12-24,342.63189697265625
2020-12-28,345.57537841796875
2020-12-29,344.9161682128906
2020-12-30,345.4082946777344
2020-12-31,347.1632385253906
2021-01-04,342.43695068359375
2021-01-05,344.79541015625
2021-01-06,346.8568115234375
2021-01-07,352.01019287109375
2021-01-08,354.015869140625
2021-01-11,351.6294860839844
2021-01-12,351.70379638671875
2021-01-13,352.65093994140625
2021-01-14,351.4159851074219
2021-01-15,348.8531799316406
2021-01-19,351.5924377441406
2021-01-20,356.4579772949219
2021-01-21,356.78289794921875
2021-01-22,355.52001953125
2021-01-25,356.92218017578125
2021-01-26,356.36505126953125
2021-01-27,347.6554260253906
2021-01-28,350.645263671875
2021-01-29,343.6254577636719
2021-02-01,349.34527587890625
2021-02-02,354.2851257324219
2021-02-03,354.5636901855469
2021-02-04,358.5935363769531
2021-02-05,360.0049133300781
2021-02-08,362.6048889160156
2021-02-09,362.3634338378906
2021-02-10,362.2055969238281
2021-02-11,362.79052734375
2021-02-12,364.5827331542969
2021-02-16,364.2669677734375
2021-02-17,364.3504638671875
2021-02-18,362.7998352050781
2021-02-19,362.1592102050781
2021-02-22,359.37353515625
2021-02-23,359.8099365234375
2021-02-24,363.7748107910156
2021-02-25,355.00933837890625
2021-02-26,353.1801452636719
2021-03-01,361.7413330078125
2021-03-02,358.9186096191406
2021-03-03,354.16448974609375
2021-03-04,349.7817077636719
2021-03-05,356.2165222167969
2021-03-08,354.4430236816406
2021-03-09,359.5034484863281
2021-03-10,361.7413330078125
2021-03-11,365.4089660644531
2021-03-12,365.90118408203125
2021-03-15,368.08319091796875
2021-03-16,367.61895751953125
2021-03-17,368.8725280761719
2021-03-18,363.5055236816406
2021-03-19,362.8329772949219
2021-03-22,365.7300720214844
2021-03-23,362.8515930175781
2021-03-24,361.0069885253906
2021-03-25,363.03790283203125
2021-03-26,368.8883056640625
2021-03-29,368.7018737792969
2021-03-30,367.7237243652344
2021-03-31,369.21435546875
2021-04-01,373.20147705078125
2021-04-05,378.5580749511719
2021-04-06,378.3343811035156
2021-04-07,378.7723083496094
2021-04-08,380.5703125
2021-04-09,383.3370361328125
2021-04-12,383.47686767578125
2021-04-13,384.6133117675781
2021-04-14,383.2998046875
2021-04-15,387.4174499511719
2021-04-16,388.71234130859375
2021-04-19,386.8025207519531
2021-04-20,383.9706115722656
2021-04-21,387.60369873046875
2021-04-22,384.0636901855469
2021-04-23,388.22784423828125
2021-04-26,389.03839111328125
2021-04-27,388.9545593261719
2021-04-28,388.84271240234375
2021-04-29,391.32073974609375
2021-04-30,388.7496032714844
2021-05-03,389.5880126953125
2021-05-04,387.18450927734375
2021-05-05,387.3056335449219
2021-05-06,390.39849853515625
2021-05-07,393.23980712890625
2021-05-10,389.3457946777344
2021-05-11,385.87103271484375
2021-05-12,377.6730651855469
2021-05-13,382.2098693847656
2021-05-14,388.07879638671875
2021-05-17,387.0913391113281
2021-05-18,383.75628662109375
2021-05-19,382.7501525878906
2021-05-20,386.8677062988281
2021-05-21,386.5510559082031
2021-05-24,390.4916076660156
2021-05-25,389.6252746582031
2021-05-26,390.39849853515625
2021-05-27,390.6033935546875
2021-05-28,391.3021545410156
2021-06-01,390.9574890136719
2021-06-02,391.5722961425781
2021-06-03,390.11907958984375
2021-06-04,393.68701171875
2021-06-07,393.3050842285156
2021-06-08,393.3888854980469
2021-06-09,392.8018798828125
2021-06-10,394.6278381347656
2021-06-11,395.2799377441406
2021-06-14,396.16497802734375
2021-06-15,395.4383239746094
2021-06-16,393.23052978515625
2021-06-17,393.10003662109375
2021-06-18,387.7970275878906
2021-06-21,393.34869384765625
2021-06-22,395.45159912109375
2021-06-23,394.9749450683594
2021-06-24,397.3115234375
2021-06-25,398.7228088378906
2021-06-28,399.5265808105469
2021-06-29,399.7415466308594
2021-06-30,400.0780334472656
2021-07-01,402.2930908203125
2021-07-02,405.3680114746094
2021-07-06,404.62969970703125
2021-07-07,406.0596923828125
2021-07-08,402.7510986328125
2021-07-09,407.0503845214844
2021-07-12,408.5083923339844
2021-07-13,407.11572265625
2021-07-14,407.7232666015625
2021-07-15,406.3307189941406
2021-07-16,403.14361572265625
2021-07-19,397.1900329589844
2021-07-20,402.8819274902344
2021-07-21,406.14373779296875
2021-07-22,406.99432373046875
2021-07-23,411.18133544921875
2021-07-26,412.19085693359375
2021-07-27,410.312255859375
2021-07-28,410.14398193359375
2021-07-29,411.8450012207031
2021-07-30,409.8450012207031
2021-08-02,408.985107421875
2021-08-03,412.31231689453125
2021-08-04,410.28424072265625
2021-08-05,412.88250732421875
2021-08-06,413.56475830078125
2021-08-09,413.2283020019531
2021-08-10,413.7423095703125
2021-08-11,414.77044677734375
2021-08-12,416.01348876953125
2021-08-13,416.7705078125
2021-08-16,417.7518310546875
2021-08-17,415.0135192871094
2021-08-18,410.4711608886719
2021-08-19,411.1067199707031
2021-08-20,414.3778991699219
2021-08-23,418.02301025390625
2021-08-24,418.6865234375
2021-08-25,419.5650939941406
2021-08-26,417.0883483886719
2021-08-27,420.8175048828125
2021-08-30,422.6680603027344
2021-08-31,422.0418395996094
2021-09-01,422.2661437988281
2021-09-02,423.5653076171875
2021-09-03,423.4625244140625
2021-09-07,421.9483642578125
2021-09-08,421.43438720703125
2021-09-09,419.6305847167969
2021-09-10,416.32183837890625
2021-09-13,417.38739013671875
2021-09-14,415.1349182128906
2021-09-15,418.6024169921875
2021-09-16,417.93878173828125
2021-09-17,413.86767578125
2021-09-20,406.9667663574219
2021-09-21,406.5823059082031
2021-09-22,410.54852294921875
2021-09-23,415.5366516113281
2021-09-24,416.2210693359375
2021-09-27,415.0303649902344
2021-09-28,406.66668701171875
2021-09-29,407.3511962890625
2021-09-30,402.3724365234375
2021-10-01,407.1542663574219
2021-10-04,401.9035949707031
2021-10-05,406.0854187011719
2021-10-06,407.7731628417969
2021-10-07,411.29864501953125
2021-10-08,410.54852294921875
2021-10-11,407.57623291015625
2021-10-12,406.5729064941406
2021-10-13,408.0356140136719
2021-10-14,414.8990478515625
2021-10-15,418.058837890625
2021-10-18,419.2965393066406
2021-10-19,422.5313720703125
2021-10-20,424.1909484863281
2021-10-21,425.2973327636719
2021-10-22,424.85662841796875
2021-10-25,427.1350402832031
2021-10-26,427.5195007324219
2021-10-27,425.62548828125
2021-10-28,429.7322692871094
2021-10-29,430.60430908203125
2021-11-01,431.3450012207031
2021-11-02,433.0890197753906
2021-11-03,435.7330627441406
2021-11-04,437.7864990234375
2021-11-05,439.3053894042969
2021-11-08,439.68048095703125
2021-11-09,438.2272033691406
2021-11-10,434.7016906738281
2021-11-11,434.8423767089844
2021-11-12,438.1240234375
2021-11-15,438.2740783691406
2021-11-16,440.0086669921875
2021-11-17,438.9397888183594
2021-11-18,440.4305419921875
2021-11-19,439.6430358886719
2021-11-22,438.40533447265625
2021-11-23,438.9866638183594
2021-11-24,440.15875244140625
2021-11-26,430.341796875
2021-11-29,435.6206359863281
2021-11-30,427.1444396972656
2021-12-01,422.4001159667969
2021-12-02,428.86968994140625
2021-12-03,425.137939453125
2021-12-06,430.1729736328125
2021-12-07,439.07098388671875
2021-12-08,440.2336730957031
2021-12-09,437.2614440917969
2021-12-10,441.37762451171875
2021-12-13,437.4677429199219
2021-12-14,434.4578552246094
2021-12-15,441.24627685546875
2021-12-16,437.3552551269531
2021-12-17,432.7004699707031
2021-12-20,428.0993957519531
2021-12-21,435.7020263671875
2021-12-22,440.0584411621094
2021-12-23,442.7965087890625
2021-12-27,449.06304931640625
2021-12-28,448.696044921875
2021-12-29,449.2700500488281
2021-12-30,448.02801513671875
2021-12-31,446.89892578125
2022-01-03,449.4864807128906
2022-01-04,449.3359069824219
2022-01-05,440.7077331542969
2022-01-06,440.2936706542969
2022-01-07,438.552978515625
2022-01-10,438.0072937011719
2022-01-11,441.99664306640625
2022-01-12,443.191650390625
2022-01-13,437.0851745605469
2022-01-14,437.2639465332031
2022-01-18,429.5201110839844
2022-01-19,425.06024169921875
2022-01-20,420.3556213378906
2022-01-21,412.103759765625
2022-01-24,413.8539123535156
2022-01-25,408.8011474609375
2022-01-26,407.77557373046875
2022-01-27,405.7619934082031
2022-01-28,415.83917236328125
2022-01-31,423.32891845703125
2022-02-01,426.1893005371094
2022-02-02,430.329345703125
2022-02-03,420.2144775390625
2022-02-04,422.19049072265625
2022-02-07,420.8354797363281
2022-02-08,424.29803466796875
2022-02-09,430.5081787109375
2022-02-10,422.77374267578125
2022-02-11,414.437255859375
2022-02-14,413.082275390625
2022-02-15,419.7439880371094
2022-02-16,420.2144775390625
2022-02-17,411.23809814453125
2022-02-18,408.5753173828125
2022-02-22,404.190673828125
2022-02-23,397.02081298828125
2022-02-24,402.9956359863281
2022-02-25,411.8872985839844
2022-02-28,410.83349609375
2022-03-01,404.5763854980469
2022-03-02,412.01910400390625
2022-03-03,409.9678649902344
2022-03-04,406.6369934082031
2022-03-07,394.6496887207031
2022-03-08,391.6575927734375
2022-03-09,402.158203125
2022-03-10,400.3422546386719
2022-03-11,395.25189208984375
2022-03-14,392.3633117675781
2022-03-15,400.9914855957031
2022-03-16,409.88311767578125
2022-03-17,415.01123046875
2022-03-18,419.55670166015625
2022-03-21,419.4339904785156
2022-03-22,424.3420104980469
2022-03-23,418.87713623046875
2022-03-24,425.1914978027344
2022-03-25,427.2679138183594
2022-03-28,430.3070983886719
2022-03-29,435.63031005859375
2022-03-30,432.9403991699219
2022-03-31,426.27691650390625
2022-04-01,427.4849853515625
2022-04-04,431.1470642089844
2022-04-05,425.70111083984375
2022-04-06,421.4443359375
2022-04-07,423.56805419921875
2022-04-08,422.4354248046875
2022-04-11,415.21502685546875
2022-04-12,413.67657470703125
2022-04-13,418.4146728515625
2022-04-14,413.20465087890625
2022-04-18,413.3746032714844
2022-04-19,420.04742431640625
2022-04-20,419.736083984375
2022-04-21,413.4595031738281
2022-04-22,402.114501953125
2022-04-25,404.4457702636719
2022-04-26,392.73272705078125
2022-04-27,393.8370361328125
2022-04-28,403.7851257324219
2022-04-29,388.8629455566406
2022-05-02,391.2037353515625
2022-05-03,392.9969787597656
2022-05-04,404.9649658203125
2022-05-05,390.57135009765625
2022-05-06,388.2400817871094
2022-05-09,375.8096618652344
2022-05-10,376.677978515625
2022-05-11,370.69403076171875
2022-05-12,370.3070373535156
2022-05-13,379.1602783203125
2022-05-16,377.6218566894531
2022-05-17,385.3896179199219
2022-05-18,369.8539733886719
2022-05-19,367.5887451171875
2022-05-20,367.74920654296875
2022-05-23,374.62982177734375
2022-05-24,371.77001953125
2022-05-25,375.0545349121094
2022-05-26,382.5486145019531
2022-05-27,391.93988037109375
2022-05-31,389.74078369140625
2022-06-01,386.58837890625
2022-06-02,393.9502868652344
2022-06-03,387.4849548339844
2022-06-06,388.66473388671875
2022-06-07,392.3929748535156
2022-06-08,388.12677001953125
2022-06-09,378.8960266113281
2022-06-10,367.90972900390625
2022-06-13,353.9408264160156
2022-06-14,352.8742370605469
2022-06-15,357.90496826171875
2022-06-16,346.0596923828125
2022-06-17,346.8057556152344
2022-06-21,355.5361328125
2022-06-22,354.8915710449219
2022-06-23,358.3703308105469
2022-06-24,369.7643737792969
2022-06-27,368.3519592285156
2022-06-28,360.8254699707031
2022-06-29,360.5316162109375
2022-06-30,357.6025085449219
2022-07-01,361.3847351074219
2022-07-05,362.0672607421875
2022-07-06,363.29010009765625
2022-07-07,368.7311096191406
2022-07-08,368.4278259277344
2022-07-11,364.21905517578125
2022-07-12,360.9960632324219
2022-07-13,359.10028076171875
2022-07-14,358.22821044921875
2022-07-15,365.0721740722656
2022-07-18,362.05780029296875
2022-07-19,371.84027099609375
2022-07-20,374.21014404296875
2022-07-21,378.020751953125
2022-07-22,374.5133972167969
2022-07-25,374.9684143066406
2022-07-26,370.5322265625
2022-07-27,380.15350341796875
2022-07-28,384.9216003417969
2022-07-29,390.5332946777344
2022-08-01,389.3767395019531
2022-08-02,386.8079833984375
2022-08-03,392.8652038574219
2022-08-04,392.59979248046875
2022-08-05,391.9361877441406
2022-08-08,391.48114013671875
2022-08-09,389.92657470703125
2022-08-10,398.1165771484375
2022-08-11,398.1165771484375
2022-08-12,404.8563537597656
2022-08-15,406.524658203125
2022-08-16,407.3209228515625
2022-08-17,404.4298095703125
2022-08-18,405.605224609375
2022-08-19,400.15460205078125
2022-08-22,391.822509765625
2022-08-23,390.87451171875
2022-08-24,392.12579345703125
2022-08-25,397.66168212890625
2022-08-26,384.2010803222656
2022-08-29,381.6607360839844
2022-08-30,377.4709167480469
2022-08-31,374.5987548828125
2022-09-01,375.7742004394531
2022-09-02,371.8118591308594
2022-09-06,370.4089050292969
2022-09-07,377.0633544921875
2022-09-08,379.5279846191406
2022-09-09,385.4239501953125
2022-09-12,389.56634521484375
2022-09-13,372.6270751953125
2022-09-14,374.0489501953125
2022-09-15,369.80224609375
2022-09-16,366.9810485839844
2022-09-19,369.8269958496094
2022-09-20,365.5819091796875
2022-09-21,359.2048034667969
2022-09-22,356.18756103515625
2022-09-23,350.21966552734375
2022-09-26,346.755126953125
2022-09-27,345.869873046875
2022-09-28,352.67529296875
2022-09-29,345.3082580566406
2022-09-30,339.9686279296875
2022-10-03,348.9442443847656
2022-10-04,359.7568359375
2022-10-05,358.919189453125
2022-10-06,355.2166748046875
2022-10-07,345.3082580566406
2022-10-10,342.6717224121094
2022-10-11,340.5016784667969
2022-10-12,339.37847900390625
2022-10-13,348.3351135253906
2022-10-14,340.3970031738281
2022-10-17,349.1441650390625
2022-10-18,353.2464599609375
2022-10-19,350.7431335449219
2022-10-20,347.80206298828125
2022-10-21,356.2541809082031
2022-10-24,360.61346435546875
2022-10-25,366.3719787597656
2022-10-26,363.6116638183594
2022-10-27,361.6700134277344
2022-10-28,370.27435302734375
2022-10-31,367.5997619628906
2022-11-01,365.99114990234375
2022-11-02,356.8062438964844
2022-11-03,353.13214111328125
2022-11-04,358.21490478515625
2022-11-07,361.6414794921875
2022-11-08,363.5926208496094
2022-11-09,356.1019287109375
2022-11-10,375.6711120605469
2022-11-11,379.3070983886719
2022-11-14,376.0804138183594
2022-11-15,379.2879943847656
2022-11-16,376.3945617675781
2022-11-17,375.24285888671875
2022-11-18,376.946533203125
2022-11-21,375.5760192871094
2022-11-22,380.6300964355469
2022-11-23,383.0286560058594
2022-11-25,382.9429626464844
2022-11-28,376.8323669433594
2022-11-29,376.1851501464844
2022-11-30,388.03521728515625
2022-12-01,387.7496643066406
2022-12-02,387.30230712890625
2022-12-05,380.3350830078125
2022-12-06,374.8526306152344
2022-12-07,374.21484375
2022-12-08,377.146484375
2022-12-09,374.3291320800781
2022-12-12,379.72589111328125
2022-12-13,382.6002502441406
2022-12-14,380.1542053222656
2022-12-15,370.8550109863281
2022-12-16,366.4765625
2022-12-19,363.3689880371094
2022-12-20,363.8662414550781
2022-12-21,369.3069152832031
2022-12-22,364.0382995605469
2022-12-23,366.1324462890625
2022-12-27,364.6885070800781
2022-12-28,360.15625
2022-12-29,366.6391906738281
2022-12-30,365.6734313964844
2023-01-03,364.1340026855469
2023-01-04,366.9451904296875
2023-01-05,362.7570495605469
2023-01-06,371.07586669921875
2023-01-09,370.8655090332031
2023-01-10,373.4662170410156
2023-01-11,378.1898193359375
2023-01-12,379.5667419433594
2023-01-13,381.0392761230469
2023-01-17,380.34124755859375
2023-01-18,374.33648681640625
2023-01-19,371.611328125
2023-01-20,378.5340881347656
2023-01-23,383.0760192871094
2023-01-24,382.664794921875
2023-01-25,382.80828857421875
2023-01-26,387.0154113769531
2023-01-27,387.9046936035156
2023-01-30,383.0377197265625
2023-01-31,388.66961669921875
2023-02-01,392.80035400390625
2023-02-02,398.5183410644531
2023-02-03,394.2824401855469
2023-02-06,391.87286376953125
2023-02-07,396.9979248046875
2023-02-08,392.65692138671875
2023-02-09,389.2528381347656
2023-02-10,390.16131591796875
2023-02-13,394.74139404296875
2023-02-14,394.5597229003906
2023-02-15,395.8410339355469
2023-02-16,390.39080810546875
2023-02-17,389.4154968261719
2023-02-21,381.6034240722656
2023-02-22,381.0775146484375
2023-02-23,383.1046142578125
2023-02-24,379.0121154785156
2023-02-27,380.3031005859375
2023-02-28,378.8974914550781
2023-03-01,377.44403076171875
2023-03-02,380.3794860839844
2023-03-03,386.47991943359375
2023-03-06,386.7477111816406
2023-03-07,380.8193359375
2023-03-08,381.44085693359375
2023-03-09,374.4033508300781
2023-03-10,369.00091552734375
2023-03-13,368.4749755859375
2023-03-14,374.5658874511719
2023-03-15,372.2232360839844
2023-03-16,378.7539367675781
2023-03-17,374.3253479003906
2023-03-20,377.92474365234375
2023-03-21,382.8871154785156
2023-03-22,376.3601989746094
2023-03-23,377.3776550292969
2023-03-24,379.8540344238281
2023-03-27,380.564208984375
2023-03-28,379.71002197265625
2023-03-29,385.22906494140625
2023-03-30,387.4846496582031
2023-03-31,392.9461669921875
2023-04-03,394.4434509277344
2023-04-04,392.25506591796875
2023-04-05,391.22796630859375
2023-04-06,392.754150390625
2023-04-10,393.15728759765625
2023-04-11,393.2628479003906
2023-04-12,391.6599426269531
2023-04-13,396.86224365234375
2023-04-14,395.892822265625
2023-04-17,397.3133850097656
2023-04-18,397.572509765625
2023-04-19,397.50531005859375
2023-04-20,395.3361511230469
2023-04-21,395.6432800292969
2023-04-24,396.0560302734375
2023-04-25,389.7690124511719
2023-04-26,388.1181640625
2023-04-27,395.8448486328125
2023-04-28,399.2234191894531
2023-05-01,398.8203125
2023-05-02,394.33782958984375
2023-05-03,391.631103515625
2023-05-04,388.8572082519531
2023-05-05,396.0560302734375
2023-05-08,396.16156005859375
2023-05-09,394.42425537109375
2023-05-10,396.26715087890625
2023-05-11,395.5760803222656
2023-05-12,395.0577697753906
2023-05-15,396.4206848144531
2023-05-16,393.7715759277344
2023-05-17,398.5515441894531
2023-05-18,402.390869140625
2023-05-19,401.805419921875
2023-05-22,401.968505859375
2023-05-23,397.45733642578125
2023-05-24,394.5777893066406
2023-05-25,397.9948425292969
2023-05-26,403.1492004394531
2023-05-30,403.30267333984375
2023-05-31,401.0662841796875
2023-06-01,404.8768615722656
2023-06-02,410.7318420410156
2023-06-05,409.9447326660156
2023-06-06,410.83740234375
2023-06-07,409.4168395996094
2023-06-08,411.8932189941406
2023-06-09,412.63232421875
2023-06-12,416.3755798339844
2023-06-13,419.1207275390625
2023-06-14,419.619873046875
2023-06-15,424.8222351074219
2023-06-16,423.37518310546875
2023-06-20,421.1785888671875
2023-06-21,419.02056884765625
2023-06-22,420.53314208984375
2023-06-23,417.3539123535156
2023-06-26,415.6487121582031
2023-06-27,420.2055969238281
2023-06-28,420.4175109863281
2023-06-29,422.07452392578125
2023-06-30,427.05535888671875
2023-07-03,427.5466613769531
2023-07-05,426.9108581542969
2023-07-06,423.56787109375
2023-07-07,422.4984436035156
2023-07-10,423.56787109375
2023-07-11,426.2653503417969
2023-07-12,429.6950378417969
2023-07-13,433.1054992675781
2023-07-14,432.83575439453125
2023-07-17,434.338623046875
2023-07-18,437.5660400390625
2023-07-19,438.5390319824219
2023-07-20,435.6296081542969
2023-07-21,435.6296081542969
2023-07-24,437.57568359375
2023-07-25,438.7702331542969
2023-07-26,438.837646484375
2023-07-27,435.9281921386719
2023-07-28,440.196044921875
2023-07-31,441.03424072265625
2023-08-01,439.772216796875
2023-08-02,433.6546325683594
2023-08-03,432.4118347167969
2023-08-04,430.4560852050781
2023-08-07,434.2133483886719
2023-08-08,432.3251647949219
2023-08-09,429.43487548828125
2023-08-10,429.58905029296875
2023-08-11,429.3385314941406
2023-08-14,431.70855712890625
2023-08-15,426.6796569824219
2023-08-16,423.548583984375
2023-08-17,420.3211669921875
2023-08-18,420.52349853515625
2023-08-21,423.25958251953125
2023-08-22,422.1130676269531
2023-08-23,426.814453125
2023-08-24,420.8992614746094
2023-08-25,423.8664855957031
2023-08-28,426.5543518066406
2023-08-29,432.72015380859375
2023-08-30,434.50238037109375
2023-08-31,433.8665771484375
2023-09-01,434.67584228515625
2023-09-05,432.7972106933594
2023-09-06,429.88763427734375
2023-09-07,428.56793212890625
2023-09-08,429.21331787109375
2023-09-11,432.0361328125
2023-09-12,429.6661071777344
2023-09-13,430.1670837402344
2023-09-14,433.8761901855469
2023-09-15,428.648681640625
2023-09-18,428.90008544921875
2023-09-19,428.0106506347656
2023-09-20,424.0757751464844
2023-09-21,417.0664978027344
2023-09-22,416.1286926269531
2023-09-25,417.8785400390625
2023-09-26,411.7394714355469
2023-09-27,411.90380859375
2023-09-28,414.291748046875
2023-09-29,413.2863464355469
2023-10-02,413.12200927734375
2023-10-03,407.59185791015625
2023-10-04,410.5599670410156
2023-10-05,410.4053039550781
2023-10-06,415.2779541015625
2023-10-09,417.9366455078125
2023-10-10,420.1119384765625
2023-10-11,421.8327941894531
2023-10-12,419.2611083984375
2023-10-13,417.1728210449219
2023-10-16,421.5620422363281
2023-10-17,421.5427551269531
2023-10-18,415.9256591796875
2023-10-19,412.2711486816406
2023-10-20,407.2051696777344
2023-10-23,406.4993896484375
2023-10-24,409.5640869140625
2023-10-25,403.68597412109375
2023-10-26,398.8520202636719
2023-10-27,397.04412841796875
2023-10-30,401.7911071777344
2023-10-31,404.3144226074219
2023-11-01,408.6263732910156
2023-11-02,416.45745849609375
2023-11-03,420.2569274902344
2023-11-06,421.22369384765625
2023-11-07,422.4225158691406
2023-11-08,422.73187255859375
2023-11-09,419.4351501464844
2023-11-10,425.98028564453125
2023-11-13,425.57421875
2023-11-14,433.83074951171875
2023-11-15,434.7491760253906
2023-11-16,435.28094482421875
2023-11-17,435.8223571777344
2023-11-20,439.1771240234375
2023-11-21,438.2200012207031
2023-11-22,439.9118957519531
2023-11-24,440.1825866699219
2023-11-27,439.389892578125
2023-11-28,439.8248596191406
2023-11-29,439.5154724121094
2023-11-30,441.2460632324219
2023-12-01,443.8564758300781
2023-12-04,441.52642822265625
2023-12-05,441.439453125
2023-12-06,439.66058349609375
2023-12-07,443.0153503417969
2023-12-08,444.9198913574219
2023-12-11,446.65045166015625
2023-12-12,448.6903991699219
2023-12-13,454.87786865234375
2023-12-14,456.3377685546875
2023-12-15,455.5864562988281
2023-12-18,458.1491394042969
2023-12-19,460.9350891113281
2023-12-20,454.54779052734375
2023-12-21,458.8577575683594
2023-12-22,459.7799072265625
2023-12-26,461.7213134765625
2023-12-27,462.55621337890625
2023-12-28,462.7308654785156
2023-12-29,461.39129638671875
2024-01-02,458.8092346191406
2024-01-03,455.0622253417969
2024-01-04,453.596435546875
2024-01-05,454.2177429199219
2024-01-08,460.70208740234375
2024-01-09,460.0032043457031
2024-01-10,462.604736328125
2024-01-11,462.4008483886719
2024-01-12,462.7211608886719
2024-01-16,461.0224609375
2024-01-17,458.4597473144531
2024-01-18,462.5367736816406
2024-01-19,468.3028564453125
2024-01-22,469.29296875
2024-01-23,470.66168212890625
2024-01-24,471.1761779785156
2024-01-25,473.7388610839844
2024-01-26,473.136962890625
2024-01-29,476.8839111328125
2024-01-30,476.51507568359375
2024-01-31,468.7396545410156
2024-02-01,474.8746032714844
2024-02-02,479.873779296875
2024-02-05,478.12646484375
2024-02-06,479.51458740234375
2024-02-07,483.5140075683594
2024-02-08,483.7275085449219
2024-02-09,486.523193359375
2024-02-12,486.30963134765625
2024-02-13,479.6116638183594
2024-02-14,483.97015380859375
2024-02-15,487.3094177246094
2024-02-16,484.88275146484375
2024-02-20,482.21319580078125
2024-02-21,482.6500244140625
2024-02-22,492.638671875
2024-02-23,492.9784851074219
2024-02-26,491.1728515625
2024-02-27,492.0853271484375
2024-02-28,491.4350280761719
2024-02-29,493.20172119140625
2024-03-01,497.8320007324219
2024-03-04,497.298095703125
2024-03-05,492.3280334472656
2024-03-06,494.8228454589844
2024-03-07,499.7346496582031
2024-03-08,496.735107421875
2024-03-11,496.30804443359375
2024-03-12,501.6469421386719
2024-03-13,500.8606262207031
2024-03-14,499.87054443359375
2024-03-15,496.4381103515625
2024-03-18,499.3885498046875
2024-03-19,502.1637268066406
2024-03-20,506.808349609375
2024-03-21,508.4832458496094
2024-03-22,507.51922607421875
2024-03-25,506.1170654296875
2024-03-26,505.1822204589844
2024-03-27,509.4277038574219
2024-03-28,509.3303527832031
2024-04-01,508.444091796875
2024-04-02,505.21148681640625
2024-04-03,505.76641845703125
2024-04-04,499.5929870605469
2024-04-05,504.81219482421875
2024-04-08,505.0945739746094
2024-04-09,505.6788330078125
2024-04-10,500.6153869628906
2024-04-11,504.3935852050781
2024-04-12,497.4313659667969
2024-04-15,491.1994934082031
2024-04-16,490.30364990234375
2024-04-17,487.40185546875
2024-04-18,486.39898681640625
2024-04-19,482.15350341796875
2024-04-22,486.5936584472656
2024-04-23,492.367919921875
2024-04-24,492.1342468261719
2024-04-25,490.2646789550781
2024-04-26,494.9093933105469
2024-04-29,496.6620788574219
2024-04-30,488.7943420410156
2024-05-01,487.20709228515625
2024-05-02,491.76416015625
2024-05-03,497.85980224609375
2024-05-06,503.00115966796875
2024-05-07,503.5561218261719
2024-05-08,503.6048278808594
2024-05-09,506.50653076171875
2024-05-10,507.15899658203125
2024-05-13,507.2270812988281
2024-05-14,509.5542907714844
2024-05-15,515.8641357421875
2024-05-16,514.802734375
2024-05-17,515.542724609375
2024-05-20,516.1367797851562
2024-05-21,517.402587890625
2024-05-22,515.9127807617188
2024-05-23,512.14453125
2024-05-24,515.5330810546875
2024-05-28,515.893310546875
2024-05-29,512.2808227539062
2024-05-30,508.8824157714844
2024-05-31,513.517333984375
2024-06-03,513.9361572265625
2024-06-04,514.5106201171875
2024-06-05,520.6256103515625
2024-06-06,520.6159057617188
2024-06-07,519.9830322265625
2024-06-10,521.589599609375
2024-06-11,522.845703125
2024-06-12,527.1399536132812
2024-06-13,528.2013549804688
2024-06-14,528.522705078125
2024-06-17,532.7291259765625
2024-06-18,534.0826416015625
2024-06-20,532.6318359375
2024-06-21,531.9176635742188
2024-06-24,530.1886596679688
2024-06-25,532.2303466796875
2024-06-26,532.8945922851562
2024-06-27,533.7347412109375
2024-06-28,531.6343383789062
2024-07-01,532.7283935546875
2024-07-02,536.3136596679688
2024-07-03,538.70703125
2024-07-05,541.8134765625
2024-07-08,542.4385986328125
2024-07-09,542.9661254882812
2024-07-10,548.3389892578125
2024-07-11,543.61083984375
2024-07-12,547.0396728515625
2024-07-15,548.5441284179688
2024-07-16,551.7969970703125
2024-07-17,544.0602416992188
2024-07-18,539.8792114257812
2024-07-19,536.2941284179688
2024-07-22,541.8232421875
2024-07-23,540.9733276367188
2024-07-24,528.7134399414062
2024-07-25,525.9588012695312
2024-07-26,531.8492431640625
2024-07-29,532.161865234375
2024-07-30,529.4656372070312
2024-07-31,538.072021484375
2024-08-01,530.4525146484375
2024-08-02,520.576171875
2024-08-05,505.4150695800781
2024-08-06,510.0748596191406
2024-08-07,506.6654968261719
2024-08-08,518.3782348632812
2024-08-09,520.6640014648438
2024-08-12,520.937744140625
2024-08-13,529.5046997070312
2024-08-14,531.1753540039062
2024-08-15,540.2796630859375
2024-08-16,541.4910888671875
2024-08-19,546.6683959960938
2024-08-20,545.779541015625
2024-08-21,547.6550903320312
2024-08-22,543.3568725585938
2024-08-23,549.1302490234375
2024-08-26,547.8212280273438
2024-08-27,548.5734252929688
2024-08-28,545.388671875
2024-08-29,545.4376220703125
2024-08-30,550.6443481445312
2024-09-03,539.3126220703125
2024-09-04,538.208740234375
2024-09-05,536.8997192382812
2024-09-06,527.8635864257812
2024-09-09,533.7738037109375
2024-09-10,536.0986938476562
2024-09-11,541.5985107421875
2024-09-12,546.1604614257812
2024-09-13,549.0130004882812
2024-09-16,549.8237915039062
2024-09-17,550.0485229492188
2024-09-18,548.4171752929688
2024-09-19,557.7755126953125
2024-09-20,556.8114624023438
2024-09-23,558.2027587890625
2024-09-24,559.7998657226562
2024-09-25,558.5652465820312
2024-09-26,560.7798461914062
2024-09-27,559.9664306640625
2024-09-30,562.21044921875
2024-10-01,557.1738891601562
2024-10-02,557.4089965820312
2024-10-03,556.3899536132812
2024-10-04,561.4461059570312
2024-10-07,556.3704223632812
2024-10-08,561.63232421875
2024-10-09,565.5223999023438
2024-10-10,564.53271484375
2024-10-11,567.9132690429688
2024-10-14,572.557861328125
2024-10-15,568.109375
2024-10-16,570.5785522460938
2024-10-17,570.62744140625
2024-10-18,572.8224487304688
2024-10-21,571.8816528320312
2024-10-22,571.5779418945312
2024-10-23,566.355224609375
2024-10-24,567.5801391601562
2024-10-25,567.3841552734375
2024-10-28,569.13818359375
2024-10-29,570.0592041015625
2024-10-30,568.3346557617188
2024-10-31,557.1934814453125
2024-11-01,559.545166015625
2024-11-04,558.3399047851562
2024-11-05,565.0912475585938
2024-11-06,579.1426391601562
2024-11-07,583.6204833984375
2024-11-08,586.148681640625
2024-11-11,586.7072143554688
2024-11-12,584.8847045898438
2024-11-13,585.1688842773438
2024-11-14,581.406005859375
2024-11-15,573.9591064453125
2024-11-18,576.3106689453125
2024-11-19,578.41748046875
2024-11-20,578.6134643554688
2024-11-21,581.7196655273438
2024-11-22,583.5225830078125
2024-11-25,585.5020141601562
2024-11-26,588.5592041015625
2024-11-27,586.7757568359375
2024-11-29,590.4208374023438
2024-12-02,591.4791870117188
2024-12-03,591.75341796875
2024-12-04,595.4280395507812
2024-12-05,594.4481811523438
2024-12-06,595.5750732421875
2024-12-09,592.508056640625
2024-12-10,590.6658935546875
2024-12-11,595.232177734375
2024-12-12,592.1650390625
2024-12-13,592.0475463867188
2024-12-16,594.5755615234375
2024-12-17,592.1258544921875
2024-12-18,574.4784545898438
2024-12-19,574.302001953125
2024-12-20,581.199951171875
2024-12-23,584.6803588867188
2024-12-24,591.1790161132812
2024-12-26,591.2184448242188
2024-12-27,584.9949340820312
2024-12-30,578.3192138671875
2024-12-31,576.2152709960938
2025-01-02,574.7994995117188
2025-01-03,581.9864501953125
2025-01-06,585.3389892578125
2025-01-07,578.7222900390625
2025-01-08,579.5679321289062
2025-01-10,570.7192993164062
2025-01-13,571.604248046875
2025-01-14,572.3907470703125
2025-01-15,582.802490234375
2025-01-16,581.6817016601562
2025-01-17,587.5217895507812
2025-01-21,592.8995971679688
2025-01-22,596.232666015625
2025-01-23,599.48681640625
2025-01-24,597.7367553710938
2025-01-27,589.2816162109375
2025-01-28,594.3449096679688
2025-01-29,591.6806030273438
2025-01-30,594.8561401367188
2025-01-31,591.6903076171875
2025-02-03,587.70849609375
2025-02-04,591.6510009765625
2025-02-05,594.0498657226562
2025-02-06,596.1146240234375
2025-02-07,590.6580810546875
2025-02-10,594.6693115234375
2025-02-11,595.12158203125
2025-02-12,593.2044067382812
2025-02-13,599.4671630859375
2025-02-14,599.437744140625
2025-02-18,601.1975708007812
2025-02-19,602.6133422851562
2025-02-20,600.1063232421875
2025-02-21,589.842041015625
2025-02-24,587.157958984375
2025-02-25,584.2379150390625
2025-02-26,584.5328369140625
2025-02-27,575.2025146484375
2025-02-28,584.1788940429688
2025-03-03,573.9441528320312
2025-03-04,567.1504516601562
2025-03-05,573.2461547851562
2025-03-06,563.0703125
2025-03-07,566.2261962890625
2025-03-10,551.14453125
2025-03-11,546.5628051757812
2025-03-12,549.4633178710938
2025-03-13,542.1385498046875
2025-03-14,553.3369750976562
2025-03-17,557.6039428710938
2025-03-18,551.5770874023438
2025-03-19,557.5842895507812
2025-03-20,555.9718627929688
2025-03-21,556.1552734375
2025-03-24,566.1151733398438
2025-03-25,567.4760131835938
2025-03-26,560.7012939453125
2025-03-27,559.2122802734375
2025-03-28,547.9507446289062
2025-03-31,551.6289672851562
2025-04-01,553.1870727539062
2025-04-02,556.6878662109375
2025-04-03,529.2537841796875
2025-04-04,498.2696838378906
2025-04-07,497.3821716308594
2025-04-08,489.5918273925781
2025-04-09,541.0084228515625
2025-04-10,517.3019409179688
2025-04-11,526.531982421875
2025-04-14,531.6401977539062
2025-04-15,530.151123046875
2025-04-16,518.3668823242188
2025-04-17,519.1065063476562
2025-04-21,506.7503356933594
2025-04-22,519.9349365234375
2025-04-23,527.991455078125
2025-04-24,539.1051635742188
2025-04-25,543.0003662109375
2025-04-28,543.2074584960938
2025-04-29,546.6292114257812
2025-04-30,546.8462524414062
2025-05-01,550.7217407226562
2025-05-02,558.896728515625
2025-05-05,555.6918334960938
2025-05-06,551.047119140625
2025-05-07,553.3645629882812
2025-05-08,557.2203369140625
2025-05-09,556.51025390625
2025-05-12,574.9015502929688
2025-05-13,578.6981811523438
2025-05-14,579.4376831054688
2025-05-15,582.2679443359375
2025-05-16,585.9559326171875
2025-05-19,586.596923828125
2025-05-20,584.624755859375
2025-05-21,574.7733154296875
2025-05-22,575.0001220703125
2025-05-23,571.0753173828125
2025-05-27,582.9483032226562
2025-05-28,579.5758056640625
2025-05-29,581.8635864257812
2025-05-30,581.2127685546875
2025-06-02,584.4866333007812
2025-06-03,587.8197631835938
2025-06-04,587.6619873046875
2025-06-05,584.8218994140625
2025-06-06,590.8274536132812
2025-06-09,591.3599243164062
2025-06-10,594.7128295898438
2025-06-11,593.0166625976562
2025-06-12,595.3734741210938
2025-06-13,588.7172241210938
2025-06-16,594.3182983398438
2025-06-17,589.2398681640625
2025-06-18,589.1510620117188
2025-06-20,587.7673950195312
2025-06-23,593.572998046875
2025-06-24,600.1304321289062
2025-06-25,600.4666137695312
2025-06-26,605.1646118164062
2025-06-27,608.1713256835938
2025-06-30,611.0790405273438
2025-07-01,610.8812866210938
2025-07-02,613.6505737304688
2025-07-03,618.4869995117188
2025-07-07,613.8780517578125
2025-07-08,613.5418090820312
2025-07-09,617.2210083007812
2025-07-10,618.9617309570312
2025-07-11,616.7858276367188
2025-07-14,617.9627685546875
2025-07-15,615.3220825195312
2025-07-16,617.3792114257812
2025-07-17,621.1574096679688
2025-07-18,620.7024536132812
2025-07-21,621.87939453125
2025-07-22,621.9683227539062
2025-07-23,627.2598266601562
2025-07-24,627.4674682617188
2025-07-25,630.1181030273438
2025-07-28,629.9598388671875
2025-07-29,628.2982788085938
2025-07-30,627.507080078125
2025-07-31,625.1531372070312
2025-08-01,614.9066162109375
2025-08-04,624.2530517578125
2025-08-05,621.0880737304688
2025-08-06,625.8455200195312
2025-08-07,625.3212890625
2025-08-08,630.197265625
2025-08-11,628.9509887695312
2025-08-12,635.6468505859375
2025-08-13,637.82275390625
2025-08-14,637.8821411132812
2025-08-15,636.388671875
2025-08-18,636.2501220703125
2025-08-19,632.7984008789062
2025-08-20,631.1170654296875
2025-08-21,628.5850830078125
2025-08-22,638.2380981445312
2025-08-25,635.42919921875
2025-08-26,638.0897827148438
2025-08-27,639.5436401367188
2025-08-28,641.80859375
2025-08-29,637.98095703125
2025-09-02,633.2533569335938
2025-09-03,636.685302734375
2025-09-04,642.0064086914062
2025-09-05,640.1469116210938
2025-09-08,641.7196044921875
2025-09-09,643.203125
2025-09-10,645.0625610351562
2025-09-11,650.423095703125
2025-09-12,650.2054443359375
2025-09-15,653.6671142578125
2025-09-16,652.7671508789062
2025-09-17,651.9561767578125
2025-09-18,655.0023803710938
2025-09-19,658.2465209960938
2025-09-22,661.3607788085938
2025-09-23,657.7606201171875
2025-09-24,655.6678466796875
2025-09-25,652.6429443359375
2025-09-26,656.3820190429688
2025-09-29,658.2266845703125
2025-09-30,660.7061157226562
2025-10-01,662.9574584960938
2025-10-02,663.7210693359375
2025-10-03,663.7112426757812
2025-10-06,666.0914916992188
2025-10-07,663.6219482421875
2025-10-08,667.5791625976562
2025-10-09,665.6452026367188
2025-10-10,647.6542358398438
2025-10-13,657.5919189453125
2025-10-14,656.78857421875
2025-10-15,659.7044067382812
2025-10-16,655.2116088867188
2025-10-17,658.9308471679688
2025-10-20,665.7840576171875
2025-10-21,665.7741088867188
2025-10-22,662.3128051757812
2025-10-23,666.2402954101562
2025-10-24,671.6851806640625
2025-10-27,679.6094970703125
2025-10-28,681.41455078125
2025-10-29,681.7418823242188
2025-10-30,674.2440185546875
2025-10-31,676.45556640625
2025-11-03,677.7251586914062
2025-11-04,669.6917114257812
2025-11-05,672.012451171875
2025-11-06,664.8021850585938
2025-11-07,665.4567260742188
2025-11-10,675.8406982421875
2025-11-11,677.3878784179688
2025-11-12,677.7648315429688
2025-11-13,666.5180053710938
2025-11-14,666.4088745117188
2025-11-17,660.2003173828125
2025-11-18,654.65625
2025-11-19,657.185302734375
2025-11-20,647.1683349609375
2025-11-21,653.6149291992188
2025-11-24,663.235107421875
2025-11-25,669.4735107421875
2025-11-26,674.09521484375
2025-11-28,677.7747192382812
2025-12-01,674.6802978515625
2025-12-02,675.9300537109375
2025-12-03,678.2706298828125
2025-12-04,678.7664794921875
2025-12-05,680.0557861328125
2025-12-08,678.0127563476562
2025-12-09,677.4275512695312
2025-12-10,681.92041015625
2025-12-11,683.5072021484375
2025-12-12,676.1581420898438
2025-12-15,675.1365356445312
2025-12-16,673.2918701171875
2025-12-17,665.8832397460938
2025-12-18,670.9114990234375
2025-12-19,676.9923095703125
2025-12-22,681.2098999023438
2025-12-23,684.3233032226562
2025-12-24,686.7305297851562
2025-12-26,686.660888671875
2025-12-29,684.2138671875
2025-12-30,683.3783569335938
2025-12-31,678.3152465820312
2026-01-02,679.55859375
2026-01-05,684.0845336914062
2026-01-06,688.1529541015625
2026-01-07,685.9347534179688
2026-01-08,685.8651123046875
2026-01-09,690.4010009765625
2026-01-12,691.4852294921875
2026-01-13,690.1026000976562
2026-01-14,686.7106323242188
2026-01-15,688.5806884765625
2026-01-16,688.0037231445312
2026-01-20,673.9981689453125
2026-01-21,681.77685546875
2026-01-22,685.3379516601562
2026-01-23,685.5865478515625
2026-01-26,689.0680541992188
2026-01-27,691.8134765625
2026-01-28,691.7438354492188
2026-01-29,690.3711547851562
2026-01-30,688.3120727539062
2026-02-02,691.7339477539062
2026-02-03,685.885009765625
2026-02-04,682.5626831054688
2026-02-05,674.0379638671875
2026-02-06,686.96923828125
2026-02-09,690.2816772460938
2026-02-10,688.4613037109375
2026-02-11,688.3021850585938
2026-02-12,677.668701171875
2026-02-13,678.1461181640625
2026-02-17,679.2402954101562
2026-02-18,682.662109375
2026-02-19,680.8616333007812
2026-02-20,685.7855834960938
2026-02-23,678.7827758789062
2026-02-24,683.7164916992188
2026-02-25,689.4859008789062
2026-02-26,685.6561889648438
2026-02-27,682.3637084960938
2026-03-02,682.751708984375
2026-03-03,676.7337036132812
2026-03-04,681.5082397460938
2026-03-05,677.70849609375
2026-03-06,668.82568359375
2026-03-09,674.6845703125
2026-03-10,673.6002807617188
2026-03-11,672.7548217773438
2026-03-12,662.5390625
2026-03-13,658.7890014648438
2026-03-16,665.493408203125
2026-03-17,667.2440185546875
2026-03-18,657.9335327148438
2026-03-19,656.3121948242188
2026-03-20,646.9034423828125
2026-03-23,653.6959228515625
2026-03-24,651.5015869140625
2026-03-25,655.1322021484375
2026-03-26,643.432373046875
2026-03-27,632.4606323242188
2026-03-30,630.3460693359375
2026-03-31,648.6688842773438
2026-04-01,653.5562744140625
2026-04-02,654.144775390625
2026-04-06,657.23681640625
2026-04-07,657.5260009765625
2026-04-08,674.27294921875
2026-04-09,678.162841796875
2026-04-10,677.7140502929688
2026-04-13,684.3369750976562
2026-04-14,692.675537109375
2026-04-15,698.1414184570312
2026-04-16,699.8569946289062
2026-04-17,708.3152465820312
2026-04-20,706.8988037109375
2026-04-21,702.2708129882812
2026-04-22,709.3825073242188
2026-04-23,706.6295776367188
2026-04-24,712.10546875
2026-04-27,713.332275390625
2026-04-28,709.8612060546875
2026-04-29,709.7515258789062
2026-04-30,716.8132934570312
2026-05-01,718.7982177734375
2026-05-04,716.1649780273438
2026-05-05,721.9102172851562
2026-05-06,731.9443359375
2026-05-07,729.7001342773438
2026-05-08,735.724609375
2026-05-11,737.4002685546875
2026-05-12,736.2831420898438
2026-05-13,740.4025268554688
2026-05-14,746.2474975585938
2026-05-15,737.2706298828125
2026-05-18,736.751953125
2026-05-19,731.8446044921875
2026-05-20,739.3452758789062
2026-05-21,740.8114624023438
2026-05-22,743.7239990234375
2026-05-26,748.6613159179688
2026-05-27,748.5316162109375
2026-05-28,752.6609497070312
2026-05-29,754.5361328125
2026-06-01,756.5908203125
2026-06-02,757.6182250976562
2026-06-03,752.3018798828125
2026-06-04,755.1445922851562
2026-06-05,735.65478515625
2026-06-08,737.3204345703125
2026-06-09,735.1560668945312
2026-06-10,723.56591796875
2026-06-11,735.8642578125
2026-06-12,739.843994140625
2026-06-15,752.890380859375
2026-06-16,748.4019775390625
2026-06-17,739.0560302734375
2026-06-18,746.739990234375
2026-06-22,744.3900146484375
2026-06-23,733.5800170898438
2026-06-24,733.239990234375
2026-06-25,734.2999877929688
2026-06-26,728.989990234375
2026-06-29,741.0
2026-06-30,746.77001953125
2026-07-01,745.760009765625
2026-07-02,744.780029296875
2026-07-06,751.280029296875
2026-07-07,747.7100219726562
2026-07-08,745.4000244140625
2026-07-09,751.7100219726562
2026-07-10,754.9500122070312
2026-07-13,749.1699829101562
2026-07-14,751.8300170898438
2026-07-15,754.8099975585938
2026-07-16,750.719970703125
2026-07-17,743.2899780273438
2026-07-20,742.0900268554688
2026-07-21,748.280029296875
2026-07-22,747.4099731445312
2026-07-23,738.1799926757812
2026-07-24,738.9299926757812
2026-07-27,739.0900268554688
2026-07-28,740.8599853515625
2026-07-29,729.4600219726562
2026-07-30,741.6900024414062
2026-07-31,747.030029296875
2026-08-03,757.6699829101562
2026-08-04,771.3300170898438
2026-08-05,769.7899780273438
2026-08-06,768.5599975585938
2026-08-07,773.260009765625
2026-08-10,773.030029296875
2026-08-11,770.5599975585938
2026-08-12,772.489990234375
2026-08-13,777.8800048828125
2026-08-14,776.3400268554688
2026-08-17,772.6699829101562
2026-08-18,767.4500122070312
2026-08-19,769.0599975585938
2026-08-20,762.5999755859375
2026-08-21,765.719970703125
2026-08-24,763.469970703125
2026-08-25,765.9099731445312
2026-08-26,766.0800170898438
2026-08-27,771.0999755859375
2026-08-28,769.3499755859375
2026-08-31,767.0499877929688
2026-09-01,761.780029296875
2026-09-02,765.1599731445312
2026-09-03,773.1699829101562
2026-09-04,770.1900024414062
2026-09-08,765.9600219726562
2026-09-09,762.4000244140625
2026-09-10,757.8300170898438
2026-09-11,764.2899780273438

